mha,E1,E2,E3,E4,E5,E6,E7,E8,E9,W1,W2,W3,W4,W5,O1E,O2E,O3E,O1,O2,O3,O4,O5,O6,O7
AK400,2331,2331,2331,2331,2649,2667,2793,2955,3138,2670,2859,3063,3171,3303,2817,3033,3189,2661,2664,3057,3345,3543,3576,3603
AK401,2091,2091,2091,2091,2949,2967,2985,3027,3117,2970,3003,3063,3141,3243,2988,3051,3156,2961,2964,3060,3276,3426,3456,3483
AK402,2319,2319,2319,2319,3015,3033,3093,3183,3315,3036,3132,3246,3345,3468,3105,3231,3363,3027,3030,3243,3507,3693,3726,3756
AK403,2268,2268,2268,2268,2694,2712,2820,2961,3156,2715,2880,3057,3195,3363,2841,3033,3219,2706,2709,3051,3420,3678,3711,3741
AK404,2229,2229,2229,2229,2733,2751,2919,3129,3363,2754,3006,3264,3402,3564,2955,3228,3423,2745,2748,3258,3621,3873,3909,3939
AK405,1995,1995,1995,1995,2352,2370,2502,2673,2835,2373,2574,2787,2856,2946,2532,2757,2868,2364,2367,2781,2970,3099,3126,3150
AL001,1113,1113,1113,1113,1131,1395,1458,1524,1632,1413,1485,1572,1659,1770,1464,1557,1674,1170,1392,1569,1803,1968,1986,1998
AL002,1392,1392,1392,1392,1503,1665,1848,2049,2256,1680,1932,2181,2286,2412,1881,2145,2301,1530,1662,2172,2454,2649,2670,2691
AL003,1698,1698,1698,1698,1824,2097,2142,2190,2283,2115,2163,2226,2307,2409,2145,2217,2319,1863,2094,2223,2439,2592,2613,2631
AL004,1698,1698,1698,1698,1842,2016,2082,2154,2286,2031,2112,2205,2319,2457,2091,2190,2337,1872,2013,2202,2502,2715,2739,2760
AL005,1548,1548,1548,1548,1626,1758,1800,1845,1977,1773,1821,1881,2016,2184,1803,1872,2040,1650,1755,1878,2241,2496,2517,2535
AL006,1527,1527,1527,1527,1602,1707,1929,2175,2430,1725,2031,2334,2466,2628,1974,2292,2490,1623,1704,2325,2682,2928,2952,2976
AL007,1923,1923,1923,1923,2106,2190,2250,2316,2412,2205,2277,2364,2433,2520,2256,2352,2445,2127,2187,2361,2547,2676,2697,2718
AR010,1686,1686,1686,1686,1722,1821,1839,1863,1995,1836,1851,1884,2037,2229,1842,1878,2064,1743,1818,1881,2295,2592,2613,2631
AR012,1122,1122,1122,1122,1233,1647,1737,1833,1956,1665,1779,1899,1977,2079,1752,1881,1992,1290,1644,1896,2109,2256,2274,2289
AR411,1551,1551,1551,1551,1662,1920,1977,2037,2178,1938,2001,2079,2217,2385,1983,2067,2241,1701,1917,2076,2445,2703,2727,2748
AZ013,2163,2163,2163,2163,2391,2583,2601,2610,2631,2598,2607,2619,2652,2730,2604,2613,2661,2424,2580,2616,2754,2868,2895,2916
AZ014,1578,1578,1578,1578,1752,2007,2040,2073,2142,2025,2052,2100,2163,2247,2043,2091,2172,1791,2004,2097,2271,2394,2415,2433
AZ015,1689,1689,1689,1689,1896,2118,2145,2172,2244,2136,2157,2196,2265,2358,2148,2187,2277,1929,2115,2193,2388,2523,2544,2562
AZ016,1557,1557,1557,1557,1698,1875,1953,2037,2157,1890,1989,2094,2181,2292,1962,2079,2196,1728,1872,2091,2325,2487,2508,2526
CA018,3393,3393,3393,3393,3651,3999,4068,4140,4308,4017,4098,4188,4353,4554,4074,4176,4383,3699,3996,4185,4626,4938,4983,5025
CA019,4596,4596,4596,4596,4992,5286,5352,5421,5667,5304,5379,5469,5742,6075,5358,5457,5793,5034,5283,5466,6192,6714,6777,6837
CA021,1425,1425,1425,1425,1428,1728,1869,2019,2205,1746,1929,2115,2238,2388,1893,2091,2259,1464,1725,2112,2439,2667,2691,2709
CA022,2139,2139,2139,2139,2391,2715,2775,2832,2943,2736,2799,2877,2970,3093,2778,2865,2988,2439,2712,2874,3129,3312,3339,3366
CA023,1926,1926,1926,1926,2085,2298,2319,2331,2406,2316,2325,2352,2430,2532,2322,2343,2442,2118,2295,2349,2562,2715,2736,2757
CA024,3594,3594,3594,3594,3921,4353,4428,4503,4668,4374,4458,4554,4713,4908,4434,4539,4740,3978,4350,4551,4974,5277,5325,5370
CA025,3396,3396,3396,3396,3534,3996,4065,4134,4278,4017,4095,4185,4314,4476,4071,4170,4338,3594,3993,4182,4533,4779,4824,4863
CA026,3048,3048,3048,3048,3192,3513,3534,3543,3609,3531,3540,3552,3642,3774,3537,3546,3660,3237,3510,3549,3819,4023,4059,4092
CA027,3114,3114,3114,3114,3186,3681,3768,3858,4038,3702,3804,3918,4086,4287,3780,3903,4113,3252,3675,3915,4359,4671,4716,4755
CA028,1842,1842,1842,1842,1944,2319,2430,2541,2679,2340,2475,2616,2706,2814,2445,2598,2718,1995,2316,2613,2847,3009,3036,3057
CA031,2922,2922,2922,2922,3243,3300,3318,3327,3381,3315,3324,3336,3405,3516,3321,3330,3420,3258,3297,3333,3549,3711,3744,3774
CA032,1941,1941,1941,1941,2055,2679,2760,2844,2982,2700,2796,2901,3015,3153,2772,2886,3033,2133,2673,2898,3201,3414,3444,3471
CA033,2787,2787,2787,2787,2988,3153,3171,3180,3231,3168,3177,3189,3258,3378,3174,3183,3276,3018,3150,3186,3414,3591,3624,3651
CA034,2592,2592,2592,2592,2874,3018,3036,3045,3102,3033,3042,3054,3135,3273,3039,3048,3153,2898,3015,3051,3318,3528,3558,3585
CA035,2337,2337,2337,2337,2412,2766,2895,3036,3228,2784,2955,3126,3267,3441,2919,3102,3291,2460,2763,3123,3498,3762,3795,3825
CA036,3042,3042,3042,3042,3264,3366,3384,3393,3447,3381,3390,3402,3480,3609,3387,3396,3495,3285,3363,3399,3651,3849,3882,3915
CA037,3459,3459,3459,3459,3741,4038,4140,4248,4455,4056,4185,4320,4506,4728,4155,4302,4536,3783,4035,4317,4806,5151,5199,5244
CA038,3663,3663,3663,3663,3987,4395,4440,4485,4662,4413,4458,4518,4716,4959,4443,4509,4752,4041,4392,4515,5043,5421,5472,5517
CA039,3114,3114,3114,3114,3282,3618,3990,4389,4749,3645,4155,4650,4788,4956,4065,4578,4812,3327,3615,4632,5010,5268,5319,5364
CA041,3042,3042,3042,3042,3279,3483,3540,3600,3687,3498,3564,3642,3705,3786,3543,3630,3714,3312,3480,3639,3810,3927,3960,3993
CA042,1617,1617,1617,1617,1647,2214,2403,2601,2817,2235,2484,2730,2853,3003,2436,2697,2874,1719,2208,2721,3054,3285,3312,3339
CA044,4155,4155,4155,4155,4434,4773,4887,5004,5268,4791,4935,5085,5340,5649,4902,5064,5385,4482,4770,5079,5757,6240,6300,6354
CA392,2865,2865,2865,2865,3057,3765,3867,3975,4197,3786,3912,4044,4257,4512,3882,4026,4293,3144,3756,4041,4602,4998,5043,5088
CA393,1950,1950,1950,1950,2013,2733,2775,2817,2934,2754,2793,2847,2967,3117,2778,2838,2988,2103,2724,2844,3168,3396,3426,3453
CA420,1920,1920,1920,1920,1995,2136,2304,2487,2667,2151,2379,2610,2688,2787,2334,2577,2703,2019,2133,2601,2817,2964,2991,3012
CA457,2403,2403,2403,2403,2568,3054,3087,3117,3225,3075,3099,3141,3258,3405,3090,3135,3279,2631,3051,3138,3453,3678,3711,3738
CO045,2580,2580,2580,2580,2859,3096,3132,3168,3258,3114,3147,3198,3285,3399,3135,3189,3300,2895,3093,3195,3435,3603,3633,3663
CO046,2160,2160,2160,2160,2340,2382,2445,2517,2613,2397,2475,2565,2634,2721,2451,2553,2643,2355,2379,2562,2745,2871,2898,2919
CO047,2013,2013,2013,2013,2178,2421,2517,2622,2745,2439,2562,2691,2766,2862,2532,2673,2778,2214,2418,2688,2892,3030,3057,3081
CO422,2463,2463,2463,2463,2652,3222,3327,3435,3576,3243,3372,3507,3606,3729,3342,3489,3621,2724,3216,3504,3768,3951,3987,4020
CT049,2265,2265,2265,2265,2409,2844,2946,3051,3213,2865,2991,3123,3252,3408,2961,3105,3273,2466,2841,3120,3462,3702,3735,3765
CT050,2448,2448,2448,2448,2646,3051,3201,3360,3564,3072,3267,3465,3603,3768,3228,3438,3624,2700,3048,3459,3825,4083,4119,4152
CT051,2961,2961,2961,2961,3048,3516,3615,3717,3900,3537,3657,3786,3945,4140,3627,3768,3975,3111,3510,3783,4209,4509,4551,4590
DC053,2922,2922,2922,2922,2952,3459,3579,3702,3876,3480,3630,3786,3915,4068,3597,3765,3936,3018,3453,3783,4122,4359,4398,4434
DE054,2163,2163,2163,2163,2280,2313,2529,2769,2946,2328,2628,2922,2955,2997,2571,2883,2958,2292,2310,2913,3006,3060,3084,3108
FL056,2247,2247,2247,2247,2289,2517,2706,2907,3087,2538,2787,3039,3108,3192,2739,3003,3117,2322,2514,3030,3216,3342,3369,3396
FL057,1947,1947,1947,1947,1995,2283,2406,2538,2715,2301,2463,2628,2748,2895,2427,2604,2769,2037,2280,2622,2946,3171,3198,3222
FL058,2100,2100,2100,2100,2226,2295,2343,2397,2481,2310,2364,2436,2502,2586,2346,2424,2511,2244,2292,2433,2613,2736,2760,2781
FL059,2253,2253,2253,2253,2418,2673,2697,2721,2793,2691,2706,2742,2817,2913,2700,2733,2829,2457,2670,2739,2943,3090,3117,3141
FL061,3288,3288,3288,3288,3489,3687,3876,4080,4410,3705,3960,4212,4485,4812,3912,4179,4533,3519,3684,4206,4929,5442,5493,5541
FL062,2394,2394,2394,2394,2595,2655,2673,2682,2748,2670,2679,2691,2778,2904,2676,2685,2796,2613,2652,2688,2943,3129,3156,3180
FL063,2064,2064,2064,2064,2154,2430,2532,2637,2766,2448,2574,2706,2793,2895,2544,2688,2805,2196,2427,2703,2928,3084,3111,3132
FL064,1773,1773,1773,1773,1833,2223,2247,2256,2289,2244,2253,2265,2313,2412,2250,2259,2325,1884,2220,2262,2445,2592,2613,2634
FL065,1647,1647,1647,1647,1692,1893,2055,2229,2424,1911,2127,2343,2457,2592,2082,2313,2475,1725,1890,2337,2637,2844,2868,2892
FL066,2523,2523,2523,2523,2709,3024,3045,3054,3075,3042,3051,3063,3096,3177,3048,3057,3105,2754,3021,3060,3201,3321,3351,3378
FL067,3105,3105,3105,3105,3351,3606,3705,3810,4002,3624,3747,3879,4050,4257,3720,3861,4080,3387,3603,3876,4329,4650,4692,4731
FL068,2121,2121,2121,2121,2265,2310,2328,2337,2394,2325,2334,2346,2427,2568,2331,2340,2448,2280,2307,2343,2616,2829,2853,2874
FL069,3735,3735,3735,3735,3912,4266,4473,4695,5058,4287,4563,4839,5142,5502,4512,4800,5193,3963,4263,4830,5634,6207,6264,6321
FL070,2118,2118,2118,2118,2280,2433,2484,2541,2640,2448,2508,2583,2664,2766,2490,2571,2676,2307,2430,2580,2796,2949,2973,2997
FL423,2388,2388,2388,2388,2589,2697,2760,2826,2979,2712,2787,2874,3018,3195,2766,2862,3045,2610,2694,2871,3255,3528,3558,3588
FL424,2610,2610,2610,2610,2748,2766,2859,2964,3087,2781,2901,3033,3108,3204,2874,3015,3120,2760,2763,3030,3234,3372,3402,3429
GA071,2247,2247,2247,2247,2367,2664,2685,2694,2718,2682,2691,2703,2739,2823,2688,2697,2751,2412,2661,2700,2850,2973,3000,3021
GA072,1296,1296,1296,1296,1332,1452,1596,1755,1956,1467,1662,1857,1995,2160,1620,1830,2016,1356,1449,1851,2217,2469,2490,2508
GA073,1719,1719,1719,1719,1785,2028,2052,2079,2181,2046,2064,2100,2214,2355,2055,2094,2232,1824,2025,2097,2403,2619,2643,2661
GA074,2013,2013,2013,2013,2067,2202,2238,2280,2388,2217,2256,2310,2421,2559,2241,2301,2439,2091,2199,2307,2604,2814,2838,2859
GA075,1590,1590,1590,1590,1665,1860,1893,1929,2019,1878,1908,1959,2046,2157,1896,1950,2061,1695,1857,1956,2190,2358,2376,2394
GA076,1683,1683,1683,1683,1785,1983,2034,2088,2217,2001,2055,2127,2253,2412,2037,2115,2277,1818,1980,2124,2463,2706,2730,2748
GA077,2181,2181,2181,2181,2340,2556,2583,2610,2712,2574,2595,2637,2742,2877,2586,2628,2760,2373,2553,2634,2922,3129,3156,3180
GA079,2043,2043,2043,2043,2103,2379,2418,2457,2544,2397,2433,2490,2568,2667,2421,2478,2580,2145,2376,2487,2700,2850,2874,2895
GA080,2040,2040,2040,2040,2163,2262,2322,2391,2526,2277,2352,2439,2559,2709,2331,2427,2580,2184,2259,2436,2757,2985,3009,3033
GA081,1392,1392,1392,1392,1410,1704,1758,1815,1941,1722,1782,1857,1974,2121,1764,1845,1995,1452,1701,1854,2169,2391,2412,2430
HI407,3783,3783,3783,3783,4287,5157,5271,5388,5661,5181,5322,5517,5730,6048,5289,5475,5775,4365,5142,5505,6159,6657,6723,6783
HI408,3204,3204,3204,3204,3513,3738,3915,4104,4308,3759,3993,4227,4341,4482,3945,4194,4362,3549,3735,4221,4530,4743,4785,4827
HI409,3273,3273,3273,3273,3453,3513,3612,3726,3828,3528,3660,3798,3843,3897,3630,3780,3849,3468,3510,3795,3909,3984,4020,4053
HI414,3357,3357,3357,3357,3597,3996,4068,4140,4335,4014,4098,4191,4392,4635,4074,4176,4428,3651,3993,4188,4722,5103,5151,5196
IA082,1425,1425,1425,1425,1629,2055,2136,2220,2346,2076,2172,2274,2376,2499,2148,2262,2391,1686,2052,2271,2538,2724,2745,2766
ID084,1938,1938,1938,1938,2016,2331,2367,2403,2493,2349,2382,2430,2520,2631,2370,2421,2535,2061,2328,2427,2667,2835,2859,2880
ID086,1593,1593,1593,1593,1674,2298,2322,2331,2424,2319,2328,2340,2466,2637,2325,2334,2490,1752,2292,2337,2697,2964,2991,3012
IL088,1341,1341,1341,1341,1407,1911,1935,1944,2022,1932,1941,1953,2061,2232,1938,1947,2085,1473,1905,1950,2289,2553,2574,2592
IL089,1515,1515,1515,1515,1650,2085,2109,2118,2184,2106,2115,2127,2220,2373,2112,2121,2241,1710,2082,2124,2424,2658,2679,2700
IL090,1371,1371,1371,1371,1434,1734,1800,1872,1983,1752,1830,1923,2007,2112,1809,1911,2019,1476,1731,1920,2145,2301,2319,2337
IL092,2082,2082,2082,2082,2274,2628,2736,2844,3018,2649,2781,2919,3057,3228,2751,2901,3081,2322,2625,2916,3285,3543,3576,3603
IL093,1458,1458,1458,1458,1473,1881,1968,2055,2226,1899,2004,2118,2271,2457,1977,2100,2298,1527,1878,2115,2523,2811,2835,2856
IL325,2901,2901,2901,2901,3102,3318,3339,3348,3402,3336,3345,3357,3432,3564,3342,3351,3450,3135,3315,3354,3609,3810,3843,3876
IL335,1368,1368,1368,1368,1515,1935,1995,2052,2157,1956,2019,2094,2184,2298,1998,2082,2199,1572,1932,2091,2334,2502,2523,2541
IN094,1716,1716,1716,1716,1860,2085,2106,2118,2178,2103,2112,2136,2196,2280,2109,2130,2208,1893,2082,2133,2304,2421,2442,2460
IN097,1668,1668,1668,1668,1836,1986,2031,2076,2211,2001,2049,2112,2250,2418,2034,2103,2274,1860,1983,2109,2475,2736,2760,2778
IN338,1314,1314,1314,1314,1377,1578,1635,1695,1830,1596,1662,1740,1866,2022,1641,1728,1887,1410,1575,1737,2073,2313,2331,2346
IN399,1647,1647,1647,1647,1785,1854,2034,2229,2481,1869,2115,2358,2529,2736,2067,2325,2559,1803,1851,2349,2808,3129,3156,3180
KS100,1206,1206,1206,1206,1269,1665,1719,1773,1872,1683,1740,1812,1899,2007,1722,1800,1911,1323,1662,1809,2040,2205,2223,2238
KS101,1254,1254,1254,1254,1308,1608,1686,1770,1899,1626,1722,1827,1929,2058,1698,1812,1947,1350,1605,1824,2100,2295,2313,2328
KS102,1680,1680,1680,1680,1761,2037,2112,2190,2274,2055,2145,2244,2289,2346,2121,2229,2295,1800,2034,2241,2361,2442,2463,2481
KS105,1353,1353,1353,1353,1515,1740,1803,1869,1998,1758,1830,1917,2034,2178,1809,1905,2052,1551,1737,1914,2226,2448,2466,2484
KY106,1773,1773,1773,1773,1812,2067,2208,2358,2538,2085,2268,2454,2571,2712,2232,2430,2592,1848,2064,2451,2760,2976,3003,3024
KY107,1614,1614,1614,1614,1755,1986,2004,2019,2130,2001,2010,2040,2166,2328,2007,2031,2190,1791,1983,2037,2385,2631,2655,2673
KY109,1773,1773,1773,1773,1950,2196,2244,2292,2412,2214,2265,2331,2445,2589,2247,2319,2466,1986,2193,2328,2637,2856,2880,2901
KY110,1452,1452,1452,1452,1524,1983,2106,2235,2400,2004,2160,2319,2433,2571,2124,2298,2451,1584,1980,2316,2616,2826,2850,2871
KY339,1167,1167,1167,1167,1233,1569,1704,1848,1956,1587,1764,1941,1962,1989,1725,1917,1965,1278,1566,1938,1992,2025,2040,2052
KY430,1269,1269,1269,1269,1332,1815,1848,1875,1998,1836,1860,1902,2037,2205,1851,1893,2061,1395,1812,1899,2262,2523,2544,2562
LA113,1182,1182,1182,1182,1194,1536,1644,1758,1932,1557,1692,1836,1971,2133,1662,1815,1992,1242,1533,1833,2190,2439,2460,2478
LA114,1728,1728,1728,1728,1839,2118,2142,2163,2271,2136,2151,2187,2304,2454,2145,2178,2325,1881,2115,2184,2502,2730,2754,2775
LA115,1131,1131,1131,1131,1203,1668,1722,1773,1866,1689,1743,1809,1893,1998,1725,1800,1905,1266,1665,1806,2031,2187,2205,2217
LA116,1725,1725,1725,1725,1854,2301,2367,2433,2568,2322,2394,2481,2604,2757,2373,2469,2625,1914,2298,2478,2808,3042,3069,3093
LA117,1545,1545,1545,1545,1674,1920,1977,2037,2163,1938,2004,2082,2199,2343,1983,2070,2217,1710,1917,2079,2391,2610,2631,2652
LA118,1530,1530,1530,1530,1656,1785,1896,2019,2178,1800,1947,2100,2211,2346,1914,2079,2229,1680,1782,2094,2391,2598,2619,2640
LA326,1509,1509,1509,1509,1626,1674,1770,1881,2037,1689,1815,1953,2073,2220,1785,1935,2094,1641,1671,1950,2268,2493,2514,2532
LA370,1254,1254,1254,1254,1311,1584,1677,1779,1920,1602,1719,1845,1950,2082,1692,1827,1968,1353,1581,1842,2124,2322,2340,2358
LA371,1104,1104,1104,1104,1119,1554,1602,1650,1728,1575,1623,1683,1749,1833,1605,1674,1761,1176,1551,1680,1860,1983,1998,2010
MA119,3900,3900,3900,3900,4185,4860,4968,5079,5295,4881,5016,5154,5349,5583,4983,5136,5382,4269,4851,5151,5664,6027,6084,6135
MA120,4194,4194,4194,4194,4632,4770,4851,4941,5241,4785,4890,5004,5331,5724,4863,4989,5391,4656,4767,5001,5868,6489,6552,6609
MA122,2739,2739,2739,2739,2862,3351,3426,3498,3717,3372,3456,3549,3783,4062,3432,3534,3822,2925,3348,3546,4164,4605,4647,4686
MA123,2961,2961,2961,2961,3060,3441,3624,3822,4083,3462,3705,3948,4134,4359,3657,3915,4167,3114,3438,3942,4437,4785,4827,4869
MA124,3462,3462,3462,3462,3672,3786,3930,4089,4311,3801,3996,4194,4356,4551,3957,4167,4383,3696,3783,4188,4617,4920,4965,5007
MA125,3108,3108,3108,3108,3306,3630,3831,4050,4377,3651,3921,4191,4449,4755,3870,4152,4494,3351,3627,4182,4866,5349,5400,5445
MA126,2202,2202,2202,2202,2313,2763,2982,3210,3453,2787,3075,3360,3489,3645,3021,3321,3510,2373,2760,3351,3696,3933,3969,4002
MA151,3666,3666,3666,3666,3987,4599,4758,4926,5133,4623,4827,5034,5172,5340,4785,5007,5196,4065,4593,5028,5394,5652,5703,5754
MA377,3858,3858,3858,3858,3999,4398,4506,4617,4875,4416,4551,4692,4944,5247,4521,4674,4989,4053,4395,4689,5355,5832,5886,5937
MD127,2199,2199,2199,2199,2379,2622,2736,2856,3021,2640,2787,2937,3057,3201,2754,2916,3075,2415,2619,2934,3249,3471,3501,3528
MD128,2709,2709,2709,2709,2859,3168,3210,3255,3399,3186,3231,3288,3444,3633,3213,3279,3471,2904,3165,3285,3699,3993,4029,4062
MD129,2352,2352,2352,2352,2544,2802,2877,2955,3102,2817,2910,3012,3141,3300,2886,2997,3162,2580,2799,3009,3351,3594,3627,3654
MD130,2373,2373,2373,2373,2505,2952,3045,3144,3303,2973,3087,3210,3342,3504,3060,3192,3366,2565,2949,3207,3558,3810,3843,3873
MD133,2682,2682,2682,2682,2826,3174,3234,3297,3432,3192,3261,3339,3468,3624,3240,3327,3489,2874,3171,3336,3678,3918,3954,3987
MD134,3066,3066,3066,3066,3126,3231,3333,3444,3615,3246,3381,3519,3654,3816,3348,3501,3675,3147,3228,3516,3870,4119,4158,4191
MD135,2214,2214,2214,2214,2358,2478,2535,2595,2718,2493,2559,2637,2751,2889,2538,2628,2769,2382,2475,2634,2934,3144,3171,3195
MD432,1926,1926,1926,1926,2019,2229,2271,2319,2415,2244,2292,2352,2442,2556,2274,2343,2457,2052,2226,2349,2592,2760,2784,2805
MD458,2175,2175,2175,2175,2373,2712,2766,2820,2958,2733,2790,2859,2997,3168,2769,2850,3021,2421,2709,2856,3228,3489,3522,3549
ME136,1962,1962,1962,1962,2076,2460,2871,3315,3645,2490,3054,3600,3663,3744,2955,3522,3672,2130,2457,3579,3768,3885,3918,3951
ME139,2871,2871,2871,2871,2994,3438,3660,3891,4167,3462,3756,4044,4215,4425,3699,4005,4245,3054,3435,4035,4497,4818,4863,4905
ME141,1983,1983,1983,1983,2148,2619,2661,2700,2763,2640,2676,2733,2778,2838,2664,2721,2784,2211,2616,2730,2856,2943,2967,2991
ME390,1698,1698,1698,1698,1887,2088,2229,2382,2526,2106,2292,2484,2544,2619,2253,2457,2553,1920,2085,2478,2640,2748,2772,2793
MI142,1941,1941,1941,1941,2241,2448,2520,2598,2772,2466,2553,2655,2817,3018,2529,2640,2847,2274,2445,2652,3087,3396,3426,3453
MI143,1620,1620,1620,1620,1857,2034,2130,2232,2385,2049,2172,2301,2418,2562,2145,2286,2439,1887,2031,2298,2607,2823,2847,2868
MI145,1302,1302,1302,1302,1425,1659,1725,1797,1914,1677,1755,1845,1944,2067,1734,1833,1962,1461,1656,1842,2106,2292,2310,2325
MI146,1851,1851,1851,1851,1884,2469,2589,2712,2883,2490,2640,2793,2922,3078,2607,2772,2943,1959,2463,2787,3129,3369,3399,3426
MI148,1917,1917,1917,1917,2040,2433,2457,2466,2514,2454,2463,2475,2535,2622,2460,2469,2547,2094,2430,2472,2646,2772,2796,2814
MI152,1581,1581,1581,1581,1806,2223,2289,2355,2472,2244,2316,2400,2502,2625,2295,2388,2517,1860,2220,2397,2664,2853,2877,2898
MI153,1482,1482,1482,1482,1650,1842,1878,1914,2043,1860,1893,1947,2085,2256,1881,1938,2109,1680,1839,1944,2316,2580,2604,2622
MI154,1848,1848,1848,1848,2007,2262,2283,2301,2424,2280,2289,2319,2469,2655,2286,2313,2496,2046,2259,2316,2718,3006,3033,3054
MI155,2226,2226,2226,2226,2472,2982,3090,3198,3378,3003,3135,3273,3420,3597,3105,3255,3444,2538,2979,3270,3660,3933,3969,4002
MI156,1335,1335,1335,1335,1497,1746,1779,1818,1854,1761,1797,1848,1860,1887,1782,1839,1863,1533,1743,1845,1890,1917,1932,1944
MN158,1842,1842,1842,1842,1974,2121,2157,2193,2280,2136,2172,2223,2307,2412,2160,2214,2319,2001,2118,2220,2445,2604,2625,2646
MN159,2112,2112,2112,2112,2376,2628,2676,2724,2826,2643,2697,2763,2853,2967,2679,2751,2868,2412,2625,2760,3003,3174,3201,3225
MO160,1794,1794,1794,1794,1926,2142,2163,2184,2280,2160,2172,2205,2313,2454,2166,2199,2334,1959,2139,2202,2499,2709,2733,2751
MO161,2112,2112,2112,2112,2253,2550,2592,2637,2748,2568,2613,2673,2778,2913,2595,2664,2796,2295,2547,2670,2955,3156,3183,3210
MO162,1314,1314,1314,1314,1473,1749,1860,1980,2127,1767,1911,2058,2154,2271,1878,2037,2169,1515,1746,2055,2310,2487,2508,2523
MO163,1224,1224,1224,1224,1311,1542,1647,1758,1872,1557,1692,1833,1890,1965,1662,1812,1899,1344,1539,1830,1986,2091,2109,2124
MO164,1239,1239,1239,1239,1335,1743,1803,1860,1998,1764,1827,1902,2040,2208,1806,1890,2061,1389,1740,1899,2265,2523,2544,2562
MO165,1188,1188,1188,1188,1257,1461,1665,1884,2091,1479,1755,2028,2118,2232,1701,1989,2133,1290,1458,2019,2268,2436,2454,2472
MS168,1437,1437,1437,1437,1503,1623,1737,1863,2034,1638,1788,1944,2070,2223,1755,1923,2091,1527,1620,1941,2277,2511,2532,2550
MS169,1254,1254,1254,1254,1338,1812,1905,1998,2112,1833,1944,2064,2130,2217,1917,2046,2142,1401,1806,2061,2241,2364,2385,2400
MS170,1653,1653,1653,1653,1761,2016,2109,2211,2367,2034,2151,2277,2403,2556,2124,2259,2424,1797,2013,2274,2607,2841,2865,2886
MS171,1125,1125,1125,1125,1197,1437,1560,1689,1845,1455,1614,1776,1875,1995,1578,1755,1890,1233,1434,1773,2034,2217,2235,2250
MS172,1299,1299,1299,1299,1374,1449,1569,1701,1860,1464,1623,1788,1890,2016,1590,1767,1908,1392,1446,1785,2055,2244,2262,2277
MT175,1389,1389,1389,1389,1482,1683,1863,2058,2247,1701,1944,2184,2274,2385,1896,2151,2289,1512,1680,2178,2421,2586,2607,2625
MT347,1656,1656,1656,1656,1785,2394,2499,2607,2754,2415,2544,2679,2784,2913,2514,2661,2802,1863,2388,2676,2955,3150,3177,3204
NC176,2190,2190,2190,2190,2292,2553,2595,2637,2763,2571,2613,2670,2799,2958,2598,2661,2823,2331,2550,2667,3012,3258,3285,3312
NC177,1827,1827,1827,1827,1881,2013,2133,2262,2415,2031,2187,2349,2442,2559,2154,2328,2457,1905,2010,2346,2595,2766,2790,2811
NC178,1554,1554,1554,1554,1560,1857,1920,1986,2100,1875,1947,2031,2127,2250,1926,2019,2145,1602,1854,2028,2289,2472,2493,2511
NC179,2046,2046,2046,2046,2205,2460,2478,2487,2499,2475,2484,2496,2502,2535,2481,2490,2505,2244,2457,2493,2541,2592,2616,2634
NC180,1965,1965,1965,1965,2091,2415,2436,2457,2592,2433,2445,2478,2640,2841,2439,2472,2670,2136,2412,2475,2910,3222,3249,3276
NC181,2157,2157,2157,2157,2328,2379,2424,2472,2622,2394,2445,2511,2667,2859,2427,2499,2694,2343,2376,2508,2925,3222,3249,3273
NC182,1701,1701,1701,1701,1785,2016,2061,2109,2211,2034,2082,2145,2238,2358,2064,2133,2253,1818,2013,2142,2394,2574,2595,2613
NC183,1440,1440,1440,1440,1461,1761,1899,2046,2208,1779,1959,2142,2235,2349,1920,2118,2250,1506,1758,2136,2385,2553,2574,2595
NC184,1647,1647,1647,1647,1761,2037,2112,2193,2301,2055,2148,2250,2322,2412,2124,2235,2334,1800,2034,2247,2439,2571,2592,2610
NC185,1989,1989,1989,1989,2142,2160,2220,2289,2397,2175,2247,2337,2421,2529,2226,2322,2436,2154,2157,2334,2562,2721,2742,2763
NC186,1971,1971,1971,1971,2070,2505,2550,2589,2730,2526,2565,2622,2775,2967,2553,2613,2802,2127,2502,2619,3033,3327,3357,3384
NC187,2106,2106,2106,2106,2265,2580,2673,2775,2991,2598,2715,2841,3048,3297,2688,2823,3084,2310,2577,2838,3384,3771,3804,3834
ND188,1359,1359,1359,1359,1506,2073,2109,2142,2175,2094,2124,2169,2178,2199,2112,2160,2181,1578,2067,2166,2202,2217,2235,2250
ND189,1332,1332,1332,1332,1509,2115,2172,2226,2313,2136,2193,2265,2334,2421,2175,2256,2346,1587,2109,2262,2448,2577,2598,2616
ND190,1380,1380,1380,1380,1587,1818,1869,1920,2034,1836,1890,1959,2067,2202,1872,1947,2085,1623,1815,1956,2244,2451,2469,2487
ND191,1356,1356,1356,1356,1458,1878,1935,1992,2091,1899,1959,2034,2115,2217,1941,2022,2130,1515,1875,2031,2250,2403,2424,2439
NE192,1740,1740,1740,1740,1932,2313,2337,2346,2433,2334,2343,2355,2478,2667,2340,2349,2505,1986,2310,2352,2730,3024,3048,3072
NE193,1473,1473,1473,1473,1587,1911,1977,2046,2148,1932,2007,2094,2172,2271,1983,2079,2184,1635,1908,2091,2301,2448,2469,2487
NH194,2952,2952,2952,2952,3168,3549,3813,4095,4431,3573,3930,4278,4494,4752,3864,4227,4530,3222,3546,4266,4842,5247,5295,5343
NH195,2802,2802,2802,2802,2976,3342,3582,3840,4080,3366,3687,4005,4107,4233,3627,3960,4125,3024,3339,3996,4272,4461,4500,4539
NJ196,2466,2466,2466,2466,2541,3153,3303,3462,3639,3177,3369,3564,3669,3795,3330,3537,3684,2619,3147,3558,3837,4029,4065,4098
NJ198,2319,2319,2319,2319,2529,2934,2955,2964,3069,2952,2961,2973,3117,3318,2958,2967,3144,2583,2931,2970,3387,3699,3732,3762
NJ200,3231,3231,3231,3231,3366,3780,3906,4035,4242,3804,3960,4119,4290,4497,3924,4098,4320,3423,3777,4116,4569,4893,4938,4980
NJ201,3150,3150,3150,3150,3240,3900,3957,4011,4149,3921,3978,4050,4188,4359,3960,4038,4212,3324,3894,4047,4416,4677,4719,4758
NJ202,4035,4035,4035,4035,4392,4638,4659,4677,4851,4656,4665,4698,4914,5181,4662,4689,4953,4428,4635,4695,5274,5691,5745,5793
NJ203,3072,3072,3072,3072,3342,3771,3876,3981,4191,3792,3921,4053,4245,4476,3891,4035,4278,3399,3768,4050,4557,4920,4965,5007
NJ204,2595,2595,2595,2595,2688,3288,3333,3375,3501,3309,3351,3408,3540,3699,3336,3399,3561,2766,3282,3405,3753,4002,4038,4071
NM205,1290,1290,1290,1290,1458,1647,1695,1749,1848,1665,1719,1788,1875,1986,1701,1776,1890,1488,1644,1785,2019,2187,2205,2217
NM206,1971,1971,1971,1971,2175,2238,2262,2289,2382,2253,2274,2313,2412,2538,2265,2304,2430,2193,2235,2310,2580,2772,2796,2817
NM207,1203,1203,1203,1203,1305,1539,1623,1716,1791,1554,1662,1776,1797,1830,1635,1761,1800,1341,1536,1773,1833,1869,1884,1896
NM209,1533,1533,1533,1533,1752,1938,1980,2025,2100,1956,1998,2058,2121,2202,1983,2049,2130,1782,1935,2055,2223,2340,2358,2376
NM210,2448,2448,2448,2448,2748,3396,3426,3456,3531,3417,3438,3480,3555,3651,3429,3471,3567,2829,3387,3477,3681,3825,3861,3891
NV211,1503,1503,1503,1503,1554,1722,1908,2109,2289,1740,1992,2241,2307,2391,1944,2208,2319,1581,1719,2235,2415,2532,2553,2571
NV212,1980,1980,1980,1980,2100,2250,2295,2346,2442,2265,2319,2385,2466,2571,2298,2373,2481,2127,2247,2382,2604,2760,2784,2805
NV213,2184,2184,2184,2184,2394,2670,2694,2721,2829,2688,2706,2742,2865,3018,2697,2736,2886,2433,2667,2739,3069,3303,3333,3360
NY215,2259,2259,2259,2259,2460,2667,2781,2901,3063,2682,2829,2982,3096,3234,2796,2961,3114,2493,2664,2979,3279,3489,3519,3549
NY216,1887,1887,1887,1887,2046,2391,2463,2541,2667,2409,2496,2595,2700,2829,2472,2580,2718,2094,2388,2592,2871,3069,3096,3120
NY217,2934,2934,2934,2934,3111,3810,3843,3870,4026,3831,3855,3894,4080,4308,3846,3888,4113,3198,3804,3891,4386,4740,4782,4824
NY218,3933,3933,3933,3933,4242,4551,4644,4746,4932,4569,4686,4812,4980,5184,4659,4794,5010,4287,4548,4809,5253,5568,5622,5670
NY219,5070,5070,5070,5070,5073,5100,5163,5253,5529,5103,5199,5313,5613,5973,5175,5298,5664,5076,5097,5310,6102,6669,6732,6792
NY221,1830,1830,1830,1830,2079,2337,2415,2499,2628,2355,2451,2556,2658,2781,2427,2541,2673,2118,2334,2553,2823,3009,3036,3060
NY222,1914,1914,1914,1914,2118,2721,2781,2841,2931,2742,2808,2886,2952,3042,2787,2874,2964,2193,2715,2883,3069,3198,3225,3252
NY223,1797,1797,1797,1797,2004,2178,2379,2595,2790,2196,2469,2736,2814,2910,2415,2700,2826,2031,2175,2727,2940,3084,3111,3132
NY225,1494,1494,1494,1494,1581,1800,2019,2256,2448,1821,2118,2409,2463,2535,2061,2367,2472,1617,1797,2400,2553,2652,2673,2694
NY349,3921,3921,3921,3921,4107,5127,5472,5838,6303,5157,5622,6078,6390,6765,5541,6012,6447,4230,5112,6060,6900,7494,7563,7632
NY413,3435,3435,3435,3435,3606,3972,4098,4227,4446,3993,4152,4314,4497,4716,4116,4293,4530,3657,3969,4311,4794,5136,5184,5226
OH227,1446,1446,1446,1446,1476,1815,1839,1848,1947,1836,1845,1857,1995,2205,1842,1851,2025,1524,1812,1854,2277,2601,2625,2643
OH228,1935,1935,1935,1935,2154,2352,2373,2385,2475,2370,2379,2403,2508,2640,2376,2397,2526,2187,2349,2400,2682,2883,2910,2931
OH229,1689,1689,1689,1689,1884,2253,2277,2286,2394,2274,2283,2295,2439,2634,2280,2289,2469,1935,2250,2292,2700,2997,3024,3045
OH230,1710,1710,1710,1710,1785,2172,2271,2376,2493,2193,2316,2442,2514,2601,2286,2427,2523,1839,2169,2439,2625,2751,2775,2796
OH231,1434,1434,1434,1434,1536,1740,1815,1899,2046,1755,1851,1956,2082,2238,1827,1941,2103,1566,1737,1953,2292,2532,2553,2571
OH232,1716,1716,1716,1716,1965,2064,2082,2091,2172,2079,2088,2100,2211,2388,2085,2094,2238,1986,2061,2097,2448,2721,2745,2766
OH233,1089,1089,1089,1089,1167,1293,1425,1569,1671,1308,1485,1662,1677,1701,1446,1638,1680,1191,1290,1656,1704,1725,1740,1749
OK235,1122,1122,1122,1122,1227,1473,1584,1704,1857,1491,1635,1782,1890,2019,1602,1761,1905,1263,1470,1779,2061,2259,2277,2292
OK236,1077,1077,1077,1077,1158,1434,1536,1644,1806,1452,1581,1716,1842,1995,1551,1698,1863,1197,1431,1713,2046,2280,2301,2316
OK237,1170,1170,1170,1170,1248,1455,1560,1674,1824,1470,1608,1749,1854,1983,1575,1731,1872,1281,1452,1746,2025,2217,2235,2250
OK239,1518,1518,1518,1518,1623,1827,1866,1911,2007,1842,1884,1944,2034,2148,1869,1935,2049,1653,1824,1941,2181,2352,2373,2388
OK240,1419,1419,1419,1419,1488,1746,1815,1890,2037,1764,1845,1941,2079,2247,1824,1926,2100,1527,1743,1938,2304,2565,2586,2604
OR241,1839,1839,1839,1839,2010,2622,2748,2880,3036,2643,2805,2967,3063,3180,2769,2946,3078,2088,2616,2964,3216,3393,3423,3450
OR242,1665,1665,1665,1665,1842,2235,2418,2613,2787,2256,2499,2739,2808,2892,2451,2706,2820,1896,2232,2733,2919,3042,3069,3093
OR243,2169,2169,2169,2169,2337,2679,2769,2865,3036,2697,2808,2928,3078,3258,2781,2910,3102,2385,2676,2925,3321,3603,3633,3663
OR244,1836,1836,1836,1836,1965,2340,2451,2568,2727,2358,2499,2646,2760,2901,2469,2625,2778,2016,2337,2643,2946,3159,3186,3210
OR245,2088,2088,2088,2088,2334,2631,2706,2787,2985,2649,2742,2844,3042,3282,2715,2829,3078,2376,2628,2841,3369,3744,3777,3807
OR246,1965,1965,1965,1965,2082,2364,2472,2586,2754,2382,2520,2664,2790,2943,2487,2646,2811,2124,2361,2661,2994,3228,3255,3282
PA247,1842,1842,1842,1842,2010,2307,2379,2454,2598,2325,2409,2505,2634,2793,2385,2493,2655,2052,2304,2502,2844,3087,3114,3135
PA248,2331,2331,2331,2331,2559,2838,2880,2925,3060,2856,2898,2958,3102,3279,2883,2949,3126,2601,2835,2955,3339,3612,3645,3675
PA249,2700,2700,2700,2700,2904,3327,3351,3360,3429,3348,3357,3369,3465,3618,3354,3363,3486,2961,3324,3366,3669,3903,3939,3972
PA250,1986,1986,1986,1986,2184,2580,2601,2610,2694,2598,2607,2619,2736,2916,2604,2613,2760,2238,2577,2616,2976,3252,3282,3306
PA252,1545,1545,1545,1545,1677,2130,2214,2298,2466,2151,2250,2355,2508,2694,2223,2340,2535,1737,2127,2352,2757,3042,3066,3090
PA253,1383,1383,1383,1383,1386,1620,1671,1725,1827,1638,1695,1764,1854,1968,1674,1755,1869,1422,1617,1761,2004,2175,2193,2208
PA254,1644,1644,1644,1644,1740,1941,1971,2004,2127,1956,1986,2031,2166,2334,1974,2022,2190,1773,1938,2028,2391,2649,2673,2691
PA255,2163,2163,2163,2163,2277,2664,2685,2694,2775,2682,2691,2703,2814,2979,2688,2697,2835,2328,2661,2700,3033,3285,3315,3339
RI256,2586,2586,2586,2586,2790,3408,3597,3795,4014,3432,3678,3924,4050,4203,3630,3891,4071,2868,3402,3915,4251,4485,4527,4563
RI257,2784,2784,2784,2784,2931,3144,3309,3486,3720,3162,3381,3603,3768,3963,3339,3573,3795,2964,3141,3597,4032,4335,4374,4410
SC258,2367,2367,2367,2367,2448,2829,2874,2919,3036,2847,2892,2955,3072,3219,2877,2943,3093,2499,2826,2952,3267,3492,3522,3552
SC259,2244,2244,2244,2244,2406,2610,2643,2679,2757,2625,2658,2709,2778,2868,2646,2700,2790,2439,2607,2706,2895,3030,3054,3078
SC260,1812,1812,1812,1812,1875,2052,2103,2154,2265,2070,2124,2193,2295,2424,2106,2181,2313,1905,2049,2190,2463,2658,2679,2700
SC261,1752,1752,1752,1752,1884,2037,2067,2100,2202,2052,2082,2127,2232,2364,2070,2118,2250,1911,2034,2124,2409,2610,2631,2652
SC262,2016,2016,2016,2016,2130,2349,2418,2490,2619,2364,2448,2541,2652,2790,2424,2526,2670,2163,2346,2538,2835,3045,3072,3096
SC263,1362,1362,1362,1362,1413,1851,1896,1938,2049,1872,1914,1971,2085,2226,1899,1962,2103,1473,1848,1968,2271,2487,2508,2526
SD264,1779,1779,1779,1779,1971,2193,2253,2316,2424,2211,2280,2361,2454,2568,2259,2349,2469,2004,2190,2358,2607,2781,2805,2823
SD265,1410,1410,1410,1410,1542,2004,2037,2067,2148,2025,2049,2094,2172,2274,2040,2085,2187,1605,2001,2091,2307,2460,2478,2496
TN266,1851,1851,1851,1851,1950,2424,2448,2457,2556,2445,2454,2466,2604,2808,2451,2460,2634,2013,2421,2463,2880,3198,3225,3249
TN267,1923,1923,1923,1923,2052,2457,2553,2655,2817,2475,2598,2724,2853,3009,2568,2706,2874,2106,2454,2721,3063,3303,3330,3357
TN268,2064,2064,2064,2064,2208,2319,2337,2346,2376,2334,2343,2355,2397,2493,2340,2349,2409,2229,2316,2352,2523,2664,2688,2706
TN269,2133,2133,2133,2133,2265,2652,2682,2712,2799,2670,2697,2739,2823,2931,2685,2730,2838,2319,2649,2736,2967,3129,3156,3180
TN353,1407,1407,1407,1407,1485,1986,2070,2157,2307,2007,2106,2217,2343,2499,2082,2202,2364,1551,1983,2214,2553,2793,2817,2838
TX270,1389,1389,1389,1389,1485,2079,2103,2112,2157,2100,2109,2121,2187,2307,2106,2115,2202,1563,2073,2118,2343,2523,2544,2562
TX272,2115,2115,2115,2115,2343,2805,3135,3489,3855,2832,3282,3720,3909,4137,3201,3657,3942,2406,2802,3702,4218,4572,4614,4653
TX273,1404,1404,1404,1404,1458,1800,1821,1830,1899,1818,1827,1839,1938,2094,1824,1833,1959,1506,1797,1836,2148,2391,2412,2427
TX274,1596,1596,1596,1596,1716,2079,2202,2328,2514,2100,2256,2415,2553,2721,2220,2391,2577,1767,2076,2409,2778,3036,3063,3084
TX275,1611,1611,1611,1611,1758,2304,2328,2337,2397,2325,2334,2346,2433,2577,2331,2340,2451,1830,2301,2343,2622,2841,2865,2889
TX277,2280,2280,2280,2280,2529,2892,2913,2922,2949,2910,2919,2931,2970,3060,2916,2925,2982,2580,2889,2928,3087,3222,3249,3273
TX278,1305,1305,1305,1305,1392,1728,1848,1977,2166,1749,1902,2061,2208,2385,1869,2040,2232,1440,1725,2058,2445,2718,2742,2763
TX279,1647,1647,1647,1647,1773,1998,2022,2046,2112,2013,2031,2067,2130,2214,2025,2061,2142,1809,1995,2064,2241,2361,2382,2397
TX281,1515,1515,1515,1515,1623,1959,2064,2175,2346,1977,2112,2250,2385,2550,2079,2232,2409,1668,1956,2247,2607,2859,2883,2904
TX282,1929,1929,1929,1929,2136,2340,2358,2373,2463,2355,2364,2391,2496,2631,2361,2382,2514,2169,2337,2388,2676,2880,2907,2928
TX283,1365,1365,1365,1365,1476,1842,1887,1935,2064,1860,1908,1971,2100,2259,1890,1962,2124,1527,1839,1968,2313,2559,2580,2598
TX284,1383,1383,1383,1383,1509,1755,1863,1983,2097,1770,1914,2061,2112,2175,1881,2040,2118,1548,1752,2058,2193,2286,2304,2319
TX285,1791,1791,1791,1791,1935,2154,2172,2181,2208,2169,2178,2190,2229,2316,2175,2184,2238,1968,2151,2187,2340,2466,2487,2505
TX286,1563,1563,1563,1563,1581,1800,1953,2121,2283,1818,2022,2229,2304,2400,1980,2202,2316,1614,1797,2223,2427,2568,2589,2607
TX288,1341,1341,1341,1341,1452,2019,2109,2199,2349,2040,2145,2259,2385,2538,2118,2244,2406,1527,2013,2256,2592,2826,2850,2871
TX356,1947,1947,1947,1947,2115,2391,2412,2421,2481,2409,2418,2430,2505,2601,2415,2424,2517,2154,2388,2427,2631,2775,2799,2817
TX415,1614,1614,1614,1614,1746,2058,2166,2277,2454,2076,2211,2352,2493,2661,2181,2334,2517,1791,2055,2349,2718,2979,3003,3027
UT291,1935,1935,1935,1935,2100,2187,2241,2301,2394,2202,2265,2343,2418,2514,2244,2331,2430,2121,2184,2340,2541,2682,2706,2724
UT292,1974,1974,1974,1974,2157,2355,2508,2676,2829,2373,2580,2787,2847,2925,2535,2757,2859,2187,2352,2781,2949,3060,3087,3111
UT357,1971,1971,1971,1971,2100,2226,2349,2481,2625,2241,2403,2568,2649,2745,2367,2547,2661,2124,2223,2565,2775,2922,2946,2967
VA295,2112,2112,2112,2112,2214,2589,2712,2844,3000,2610,2766,2928,3027,3150,2733,2907,3045,2265,2586,2925,3189,3372,3402,3429
VA296,2769,2769,2769,2769,2985,3180,3249,3327,3492,3195,3282,3378,3537,3729,3258,3366,3564,3015,3177,3375,3795,4092,4131,4164
VA297,2019,2019,2019,2019,2184,2265,2286,2310,2433,2280,2298,2334,2475,2655,2289,2325,2502,2202,2262,2331,2715,2988,3015,3039
VA298,2154,2154,2154,2154,2325,2469,2505,2544,2673,2484,2523,2577,2712,2877,2508,2568,2733,2352,2466,2574,2934,3192,3219,3246
VA301,2112,2112,2112,2112,2268,2541,2592,2643,2757,2559,2613,2682,2790,2922,2595,2673,2808,2307,2538,2679,2964,3168,3195,3219
VA302,2763,2763,2763,2763,2952,3186,3285,3390,3603,3204,3330,3462,3657,3894,3300,3444,3693,2988,3183,3459,3978,4347,4386,4425
VA303,1359,1359,1359,1359,1446,1884,1932,1980,2085,1905,1953,2016,2112,2235,1935,2007,2130,1506,1881,2013,2274,2457,2475,2493
VA362,1680,1680,1680,1680,1842,1992,2070,2157,2286,2007,2106,2217,2313,2430,2082,2202,2328,1869,1989,2214,2469,2646,2670,2688
VA368,2310,2310,2310,2310,2334,2634,2670,2706,2844,2652,2685,2736,2889,3078,2673,2727,2913,2376,2631,2733,3141,3435,3465,3492
VT305,2715,2715,2715,2715,2967,3606,3771,3945,4164,3630,3843,4059,4206,4380,3801,4029,4230,3048,3600,4053,4440,4713,4755,4794
WA306,2253,2253,2253,2253,2358,2661,2790,2925,3069,2682,2847,3015,3093,3189,2811,2991,3105,2400,2658,3012,3219,3360,3390,3417
WA307,2532,2532,2532,2532,2712,3084,3219,3360,3513,3105,3276,3453,3537,3645,3240,3429,3552,2763,3081,3447,3678,3834,3870,3900
WA308,2022,2022,2022,2022,2289,2820,2856,2889,2955,2841,2871,2919,2973,3048,2859,2910,2982,2358,2814,2916,3066,3171,3201,3225
WA309,2904,2904,2904,2904,3051,3795,3891,3987,4140,3816,3930,4050,4176,4332,3903,4035,4200,3141,3786,4047,4383,4620,4662,4701
WA310,1923,1923,1923,1923,2160,2661,2703,2745,2838,2682,2721,2778,2862,2970,2706,2769,2877,2226,2658,2775,3003,3162,3189,3216
WA311,2328,2328,2328,2328,2508,2850,2922,3000,3105,2868,2955,3054,3126,3222,2931,3039,3138,2556,2847,3051,3249,3387,3417,3444
WA312,1977,1977,1977,1977,2028,2640,2790,2943,3099,2664,2853,3045,3120,3210,2814,3021,3132,2106,2634,3042,3240,3372,3402,3429
WA313,1611,1611,1611,1611,1800,2286,2397,2508,2664,2307,2442,2583,2697,2835,2412,2565,2715,1863,2283,2580,2880,3090,3117,3141
WI316,2151,2151,2151,2151,2373,2568,2769,2985,3198,2589,2859,3126,3228,3354,2805,3087,3246,2403,2565,3117,3393,3585,3615,3645
WI317,2178,2178,2178,2178,2337,2676,2760,2853,3024,2694,2799,2913,3069,3261,2772,2898,3096,2385,2673,2910,3327,3621,3654,3684
WI318,1320,1320,1320,1320,1335,1794,1818,1827,1848,1815,1824,1836,1866,1941,1821,1830,1875,1395,1791,1833,1962,2067,2085,2097
WI359,1206,1206,1206,1206,1302,1641,1662,1671,1689,1659,1668,1680,1707,1782,1665,1674,1716,1350,1638,1677,1806,1914,1929,1941
WV320,1389,1389,1389,1389,1560,1827,1878,1935,2052,1845,1902,1974,2085,2223,1884,1965,2103,1599,1824,1971,2268,2478,2499,2517
WV322,1356,1356,1356,1356,1470,1704,1746,1794,1875,1719,1767,1830,1896,1983,1749,1821,1908,1506,1701,1827,2010,2136,2151,2166
WV323,1212,1212,1212,1212,1311,1611,1665,1716,1845,1629,1686,1758,1884,2040,1668,1746,1905,1353,1608,1755,2094,2334,2352,2367
WV454,1902,1902,1902,1902,2064,2253,2328,2409,2550,2268,2361,2466,2586,2733,2337,2451,2604,2094,2250,2463,2781,3006,3030,3054
WY324,1359,1359,1359,1359,1488,2058,2124,2193,2307,2079,2154,2241,2334,2454,2130,2226,2352,1560,2052,2238,2493,2673,2694,2715
ZZ510,1212,1212,1212,1212,1308,1590,1656,1728,1839,1605,1686,1779,1866,1974,1665,1764,1878,1347,1587,1776,2010,2172,2190,2205
ZZ520,1227,1227,1227,1227,1323,1608,1674,1746,1857,1626,1704,1797,1884,1995,1683,1782,1899,1365,1605,1794,2028,2193,2211,2226
ZZ530,1242,1242,1242,1242,1341,1623,1692,1764,1875,1641,1722,1815,1902,2013,1698,1800,1917,1380,1620,1812,2049,2214,2232,2247
ZZ540,1254,1254,1254,1254,1353,1638,1707,1779,1890,1656,1737,1827,1917,2028,1713,1815,1932,1395,1635,1824,2064,2229,2247,2262
ZZ550,1266,1266,1266,1266,1365,1647,1716,1788,1902,1665,1746,1839,1929,2040,1725,1827,1944,1404,1644,1836,2076,2244,2262,2277
ZZ560,1275,1275,1275,1275,1374,1659,1728,1800,1914,1677,1758,1851,1941,2055,1737,1839,1956,1416,1656,1848,2088,2256,2277,2292
ZZ570,1287,1287,1287,1287,1386,1671,1740,1812,1926,1689,1770,1863,1953,2067,1749,1851,1968,1428,1668,1860,2103,2271,2289,2304
ZZ580,1293,1293,1293,1293,1395,1680,1749,1821,1935,1698,1779,1872,1962,2076,1755,1860,1977,1434,1677,1869,2112,2280,2298,2313
ZZ590,1299,1299,1299,1299,1398,1686,1755,1827,1941,1704,1785,1878,1968,2082,1761,1866,1983,1440,1683,1875,2118,2286,2304,2322
ZZ600,1305,1305,1305,1305,1404,1689,1761,1833,1947,1707,1791,1884,1974,2088,1767,1869,1989,1446,1686,1881,2124,2292,2313,2328
ZZ610,1308,1308,1308,1308,1410,1698,1767,1839,1953,1716,1797,1890,1980,2094,1773,1878,1995,1452,1695,1887,2130,2301,2319,2334
ZZ620,1314,1314,1314,1314,1416,1704,1773,1845,1962,1722,1803,1896,1989,2103,1779,1884,2004,1458,1701,1893,2136,2307,2328,2343
ZZ630,1320,1320,1320,1320,1422,1710,1779,1851,1968,1728,1809,1902,1995,2109,1788,1890,2010,1464,1707,1899,2145,2316,2334,2352
ZZ640,1326,1326,1326,1326,1428,1716,1785,1860,1974,1734,1818,1911,2001,2115,1794,1896,2016,1470,1713,1908,2151,2325,2343,2358
ZZ650,1335,1335,1335,1335,1437,1722,1794,1866,1983,1740,1824,1917,2010,2124,1800,1905,2025,1479,1719,1914,2160,2331,2352,2367
ZZ660,1341,1341,1341,1341,1446,1734,1803,1875,1992,1752,1833,1929,2019,2136,1812,1914,2034,1488,1731,1926,2172,2343,2364,2379
ZZ670,1356,1356,1356,1356,1458,1746,1818,1890,2007,1764,1848,1944,2034,2151,1824,1929,2049,1500,1743,1941,2187,2361,2379,2397
ZZ680,1368,1368,1368,1368,1473,1761,1833,1905,2025,1779,1863,1959,2052,2166,1839,1944,2067,1515,1758,1956,2205,2379,2397,2415
ZZ690,1389,1389,1389,1389,1494,1785,1854,1929,2049,1803,1887,1983,2076,2193,1863,1968,2091,1536,1782,1980,2229,2406,2424,2442
ZZ700,1413,1413,1413,1413,1521,1812,1881,1956,2076,1830,1914,2010,2103,2223,1890,1995,2121,1563,1809,2007,2259,2436,2457,2475
ZZ710,1434,1434,1434,1434,1542,1833,1905,1980,2100,1851,1938,2034,2130,2247,1914,2019,2145,1584,1830,2031,2286,2463,2484,2502
ZZ720,1461,1461,1461,1461,1569,1863,1935,2010,2130,1881,1965,2064,2160,2280,1944,2049,2175,1611,1860,2061,2316,2496,2517,2535
ZZ730,1491,1491,1491,1491,1605,1896,1971,2046,2169,1914,2001,2100,2196,2319,1980,2085,2214,1647,1893,2097,2358,2538,2562,2580
ZZ740,1533,1533,1533,1533,1647,1941,2016,2091,2214,1959,2046,2145,2244,2367,2022,2133,2262,1689,1938,2142,2406,2592,2613,2631
ZZ750,1578,1578,1578,1578,1695,1992,2064,2142,2268,2010,2097,2196,2298,2421,2073,2184,2313,1737,1989,2193,2463,2649,2673,2691
ZZ760,1620,1620,1620,1620,1737,2037,2112,2190,2316,2055,2145,2244,2346,2472,2121,2232,2364,1782,2034,2241,2514,2706,2727,2748
ZZ770,1656,1656,1656,1656,1779,2076,2154,2232,2361,2097,2187,2286,2391,2520,2163,2274,2409,1821,2073,2283,2559,2754,2778,2796
ZZ780,1689,1689,1689,1689,1812,2115,2190,2271,2400,2133,2223,2325,2430,2559,2199,2313,2448,1857,2112,2322,2601,2799,2823,2841
ZZ790,1719,1719,1719,1719,1845,2148,2223,2304,2436,2166,2256,2361,2466,2595,2232,2346,2484,1887,2145,2358,2640,2835,2862,2883
ZZ800,1752,1752,1752,1752,1878,2181,2259,2340,2472,2199,2292,2397,2502,2634,2268,2382,2520,1920,2178,2394,2679,2877,2901,2925
ZZ810,1785,1785,1785,1785,1914,2217,2295,2376,2511,2235,2331,2433,2541,2676,2304,2418,2559,1956,2214,2430,2718,2922,2946,2967
ZZ820,1833,1833,1833,1833,1965,2274,2352,2436,2571,2292,2388,2493,2601,2736,2361,2478,2619,2010,2271,2490,2781,2988,3012,3036
ZZ830,1905,1905,1905,1905,2040,2349,2430,2514,2652,2367,2466,2571,2685,2823,2439,2556,2703,2085,2346,2568,2868,3078,3105,3129
ZZ840,1980,1980,1980,1980,2121,2433,2514,2598,2739,2451,2550,2658,2772,2913,2523,2643,2793,2163,2430,2655,2961,3177,3204,3228
ZZ850,2076,2076,2076,2076,2223,2541,2622,2709,2853,2559,2658,2769,2889,3033,2634,2754,2907,2268,2538,2766,3081,3303,3333,3357
ZZ860,2232,2232,2232,2232,2388,2712,2796,2886,3036,2730,2835,2949,3072,3225,2808,2934,3093,2433,2709,2946,3276,3507,3540,3567
ZZ870,2325,2325,2325,2325,2487,2814,2901,2991,3144,2832,2940,3054,3183,3339,2913,3039,3204,2532,2811,3051,3390,3630,3660,3690
ZZ880,2460,2460,2460,2460,2628,2961,3051,3144,3303,2979,3090,3207,3342,3501,3063,3192,3363,2676,2958,3204,3558,3804,3837,3870
ZZ890,2793,2793,2793,2793,2982,3327,3423,3522,3693,3345,3465,3591,3735,3909,3435,3573,3759,3030,3324,3588,3969,4239,4278,4314
