MHA,MHA_NAME,E1,E2,E3,E4,E5,E6,E7,E8,E9,W1,W2,W3,W4,W5,O1E,O2E,O3E,O1,O2,O3,O4,O5,O6,O7,,
AK400,"KETCHIKAN, AK",1749,1749,1749,1749,1986,1998,2097,2388,2475,2019,2385,2487,2670,2829,2316,2454,2631,1995,2244,2520,2796,2889,3045,3099,,
AK401,"SITKA, AK",1569,1569,1569,1569,2211,2223,2238,2271,2511,2226,2253,2541,2943,2994,2244,2454,2931,2220,2241,2628,2976,3000,3042,3096,,
AK402,"JUNEAU, AK",1740,1740,1740,1740,2262,2274,2319,2448,2658,2277,2445,2682,3021,3114,2328,2610,2997,2271,2322,2751,3090,3141,3228,3285,,
AK403,"KODIAK ISLAND, AK",1701,1701,1701,1701,2022,2034,2115,2346,2469,2037,2343,2484,2712,2853,2253,2439,2676,2031,2190,2529,2823,2904,3039,3093,,
AK404,"ANCHORAGE, AK",1671,1671,1671,1671,2049,2061,2190,2346,2523,2064,2319,2526,2763,2967,2217,2436,2715,2058,2193,2538,2928,3048,3246,3306,,
AK405,"FAIRBANKS, AK",1497,1497,1497,1497,1764,1794,1887,2058,2160,1866,2055,2172,2376,2541,1980,2136,2334,1788,1956,2211,2508,2607,2769,2817,,
AL001,"ANNISTON/FORT MCCLELLAN, AL",918,918,918,918,1026,1095,1125,1188,1257,1122,1185,1269,1401,1473,1134,1242,1386,1092,1131,1296,1452,1488,1551,1575,,
AL002,"FORT NOVOSEL, AL",1137,1137,1137,1137,1224,1287,1395,1542,1692,1368,1539,1695,1728,1893,1500,1608,1725,1278,1470,1698,1857,1986,2163,2199,,
AL003,"HUNTSVILLE, AL",1317,1317,1317,1317,1473,1578,1698,1884,1956,1665,1881,1968,2103,2154,1821,1941,2088,1566,1785,1995,2136,2160,2205,2244,,
AL004,"MOBILE, AL",1281,1281,1281,1281,1449,1560,1701,1884,1923,1659,1881,1932,2022,2097,1839,1914,2004,1548,1797,1950,2079,2118,2184,2223,,
AL005,"MONTGOMERY, AL",1236,1236,1236,1236,1380,1470,1545,1659,1683,1533,1656,1692,1761,1809,1623,1677,1746,1464,1602,1707,1794,1872,1887,1902,,
AL006,"AUBURN, AL",1314,1314,1314,1314,1395,1452,1527,1632,1824,1515,1626,1827,1872,2016,1599,1719,1869,1449,1581,1830,2013,2196,2316,2358,,
AL007,"BIRMINGHAM, AL",1443,1443,1443,1443,1623,1755,1929,2130,2139,1869,2127,2145,2196,2265,2103,2136,2178,1734,2049,2154,2247,2283,2343,2385,,
AR010,"LITTLE ROCK, AR",1320,1320,1320,1320,1530,1650,1692,1746,1764,1689,1743,1770,1815,1845,1719,1758,1809,1647,1713,1779,1830,1944,1959,1974,,
AR012,"FORT CHAFFEE/FORT SMITH, AR",873,873,873,873,954,1233,1302,1374,1467,1248,1335,1470,1662,1761,1314,1410,1638,1008,1305,1497,1737,1791,1881,1911,,
AR411,"FAYETTEVILLE, AR",1173,1173,1173,1173,1338,1443,1551,1719,1785,1524,1716,1797,1926,1989,1659,1770,1911,1434,1629,1824,1971,2028,2058,2094,,
AZ013,"PHOENIX, AZ",1644,1644,1644,1644,1827,1959,2172,2436,2481,2094,2433,2490,2574,2586,2388,2469,2571,1932,2319,2511,2577,2589,2592,2616,,
AZ014,"FORT HUACHUCA, AZ",1260,1260,1260,1260,1344,1503,1581,1809,1875,1527,1806,1887,2007,2046,1749,1860,1998,1398,1698,1911,2031,2049,2076,2112,,
AZ015,"DAVIS-MONTHAN AFB, AZ",1266,1266,1266,1266,1422,1587,1698,1947,2001,1626,1944,2010,2115,2148,1893,1989,2109,1479,1830,2034,2136,2151,2172,2211,,
AZ016,"YUMA, AZ",1176,1176,1176,1176,1323,1425,1560,1740,1779,1518,1737,1788,1884,1971,1695,1770,1863,1410,1656,1806,1950,1995,2076,2112,,
CA018,"OAKLAND, CA",2562,2562,2562,2562,2931,3159,3402,3726,3822,3309,3723,3834,4008,4083,3648,3801,3990,3129,3570,3870,4062,4101,4170,4248,,
CA019,"SAN FRANCISCO, CA",3447,3447,3447,3447,3900,4245,4614,5055,5133,4461,5052,5145,5295,5367,4989,5115,5277,4197,4860,5178,5349,5385,5448,5553,,
CA021,"CHINA LAKE, CA",1161,1161,1161,1161,1329,1428,1446,1515,1653,1443,1482,1656,1755,1902,1452,1569,1719,1425,1449,1659,1872,2001,2097,2133,,
CA022,"FRESNO, CA",1605,1605,1605,1605,1794,2037,2148,2460,2550,2058,2457,2562,2724,2787,2388,2529,2709,1884,2310,2598,2769,2799,2856,2907,,
CA023,"LEMOORE NAS, CA",1590,1590,1590,1590,1695,1776,1929,2133,2187,1881,2130,2196,2295,2319,2082,2175,2289,1761,2037,2217,2307,2322,2328,2370,,
CA024,"CAMP PENDLETON, CA",2757,2757,2757,2757,3084,3300,3606,4011,4134,3483,4008,4152,4365,4443,3918,4107,4347,3261,3813,4197,4425,4464,4533,4620,,
CA025,"VENTURA, CA",2700,2700,2700,2700,3060,3264,3399,3630,3762,3357,3627,3780,4008,4080,3531,3732,3990,3252,3492,3828,4062,4098,4164,4242,,
CA026,"VANDENBERG SFB, CA",2352,2352,2352,2352,2709,2910,3051,3261,3348,3009,3258,3363,3507,3522,3189,3330,3504,2898,3147,3396,3510,3525,3528,3579,,
CA027,"MARIN/SONOMA, CA",2442,2442,2442,2442,2832,3042,3114,3288,3432,3102,3285,3450,3696,3786,3183,3399,3675,3039,3168,3501,3765,3816,3900,3972,,
CA028,"BARSTOW/FORT IRWIN, CA",1458,1458,1458,1458,1635,1743,1842,2025,2130,1818,2022,2145,2340,2454,1941,2106,2313,1734,1914,2184,2430,2493,2598,2646,,
CA031,"SAN BERNARDINO, CA",2193,2193,2193,2193,2442,2637,2937,3261,3267,2817,3258,3270,3291,3306,3240,3264,3285,2601,3138,3273,3294,3309,3312,3360,,
CA032,"TWENTY NINE PALMS MCB, CA",1683,1683,1683,1683,1770,2010,2070,2181,2367,2025,2178,2391,2694,2778,2079,2325,2673,1827,2073,2454,2760,2802,2880,2934,,
CA033,"BEALE AFB, CA",2217,2217,2217,2217,2454,2604,2796,3027,3063,2727,3024,3072,3144,3156,2985,3054,3141,2583,2925,3087,3147,3159,3162,3201,,
CA034,"SACRAMENTO, CA",1980,1980,1980,1980,2190,2340,2604,2907,2937,2502,2904,2946,3009,3018,2871,2931,3006,2307,2781,2961,3012,3021,3024,3057,,
CA035,"STOCKTON, CA",1836,1836,1836,1836,2112,2265,2337,2487,2586,2325,2484,2598,2790,2928,2409,2562,2757,2262,2391,2634,2901,2979,3108,3165,,
CA036,"VALLEJO/TRAVIS AFB, CA",2448,2448,2448,2448,2685,2841,3051,3291,3306,2973,3288,3312,3354,3366,3261,3303,3351,2817,3195,3324,3357,3369,3372,3414,,
CA037,"LOS ANGELES, CA",2595,2595,2595,2595,2973,3207,3471,3804,3885,3369,3801,3897,4056,4164,3738,3867,4029,3174,3648,3927,4140,4200,4302,4383,,
CA038,"SAN DIEGO, CA",2748,2748,2748,2748,3132,3372,3678,4071,4188,3555,4068,4203,4398,4449,3984,4161,4386,3336,3882,4245,4434,4455,4497,4581,,
CA039,"MONTEREY, CA",2337,2337,2337,2337,2733,2961,3120,3354,3561,3069,3351,3564,3705,4083,3279,3435,3612,2946,3228,3567,4020,4254,4632,4719,,
CA041,"RIVERSIDE, CA",2343,2343,2343,2343,2640,2826,3051,3324,3375,2967,3321,3384,3489,3552,3276,3363,3471,2802,3204,3405,3534,3567,3621,3690,,
CA042,"HUMBOLDT COUNTY, CA",1398,1398,1398,1398,1512,1662,1803,1950,2112,1677,1863,2115,2256,2445,1827,2022,2208,1581,1806,2118,2412,2523,2712,2760,,
CA044,"SANTA CLARA COUNTY, CA",3174,3174,3174,3174,3630,3903,4167,4506,4599,4065,4503,4614,4794,4914,4431,4578,4764,3870,4344,4647,4887,4953,5067,5163,,
CA392,"SAN LUIS OBISPO, CA",2154,2154,2154,2154,2490,2823,2901,3198,3411,2841,3195,3435,3786,3891,3054,3363,3759,2673,2997,3507,3867,3927,4026,4101,,
CA393,"BRIDGEPORT, CA",1506,1506,1506,1506,1749,2049,2082,2160,2376,2067,2157,2400,2739,2784,2088,2328,2727,1884,2085,2472,2769,2790,2826,2877,,
CA420,"EL CENTRO, CA",1530,1530,1530,1530,1731,1845,1920,2028,2058,1908,2025,2064,2169,2346,1992,2049,2124,1842,1974,2079,2313,2418,2592,2637,,
CA457,"EDWARDS AFB/PALMDALE, CA",1848,1848,1848,1848,2100,2292,2409,2670,2811,2358,2667,2829,3057,3093,2565,2778,3048,2238,2517,2877,3078,3096,3120,3177,,
CO045,"DENVER, CO",1935,1935,1935,1935,2151,2331,2592,2913,2973,2490,2910,2982,3096,3138,2856,2958,3087,2298,2769,3006,3123,3141,3177,3234,,
CO046,"COLORADO SPRINGS, CO",1692,1692,1692,1692,1875,1995,2166,2355,2361,2109,2352,2364,2385,2460,2337,2358,2370,1977,2283,2367,2442,2478,2547,2592,,
CO047,"FORT COLLINS, CO",1611,1611,1611,1611,1758,1863,2019,2232,2295,1968,2229,2304,2439,2541,2175,2280,2412,1848,2127,2331,2517,2574,2673,2721,,
CO422,"BOULDER, CO",1905,1905,1905,1905,2139,2418,2496,2769,2937,2433,2766,2958,3243,3351,2649,2901,3216,2268,2592,3015,3327,3387,3489,3552,,
CT049,"NEW LONDON, CT",1863,1863,1863,1863,2025,2133,2268,2499,2625,2226,2496,2643,2865,2970,2406,2598,2838,2118,2364,2688,2946,3006,3105,3159,,
CT050,"HARTFORD, CT",1881,1881,1881,1881,2115,2289,2454,2730,2847,2388,2727,2862,3084,3237,2643,2820,3045,2244,2583,2904,3207,3297,3447,3510,,
CT051,"NEW HAVEN/FAIRFIELD, CT",2352,2352,2352,2352,2691,2877,2961,3147,3282,2946,3144,3297,3534,3636,3045,3249,3510,2871,3024,3345,3615,3672,3768,3837,,
DC053,"WASHINGTON, DC METRO AREA",2283,2283,2283,2283,2679,2892,2931,3057,3204,2928,3054,3222,3483,3606,2949,3171,3453,2889,2946,3276,3579,3651,3768,3837,,
DE054,"DOVER AFB/REHOBOTH, DE",1761,1761,1761,1761,1941,2055,2166,2292,2298,2136,2289,2301,2355,2583,2277,2295,2307,2046,2244,2304,2544,2679,2904,2958,,
FL056,"EGLIN AFB, FL",2004,2004,2004,2004,2127,2208,2253,2340,2397,2250,2337,2409,2556,2751,2286,2385,2508,2205,2280,2430,2715,2829,3021,3075,,
FL057,"GAINESVILLE, FL",1560,1560,1560,1560,1773,1896,1947,2058,2133,1944,2055,2145,2307,2436,1992,2118,2274,1893,1983,2175,2409,2484,2610,2655,,
FL058,"JACKSONVILLE, FL",1671,1671,1671,1671,1860,1977,2100,2247,2253,2067,2244,2259,2295,2355,2223,2250,2283,1968,2187,2265,2337,2364,2415,2457,,
FL059,"PATRICK SFB, FL",1821,1821,1821,1821,1989,2103,2259,2475,2541,2208,2472,2553,2670,2700,2415,2526,2664,2085,2367,2577,2688,2703,2718,2769,,
FL061,"MIAMI/FORT LAUDERDALE, FL",2532,2532,2532,2532,2892,3105,3294,3534,3582,3228,3531,3591,3726,3921,3486,3570,3678,3084,3426,3612,3885,4083,4194,4272,,
FL062,"ORLANDO, FL",1797,1797,1797,1797,2049,2211,2400,2613,2619,2334,2610,2622,2643,2661,2592,2616,2640,2190,2532,2628,2649,2664,2667,2706,,
FL063,"PANAMA CITY, FL",1719,1719,1719,1719,1878,1974,2064,2214,2289,2046,2211,2301,2448,2553,2151,2271,2421,1971,2130,2328,2532,2589,2688,2736,,
FL064,"PENSACOLA, FL",1497,1497,1497,1497,1629,1713,1770,1914,2025,1767,1911,2040,2220,2229,1830,2001,2217,1710,1818,2082,2223,2232,2235,2253,,
FL065,"TALLAHASSEE, FL",1332,1332,1332,1332,1500,1602,1650,1737,1818,1647,1734,1821,1923,2094,1689,1776,1881,1599,1683,1824,2061,2160,2325,2367,,
FL066,"TAMPA, FL",1944,1944,1944,1944,2196,2352,2529,2778,2862,2469,2775,2874,3018,3027,2706,2844,3015,2334,2652,2907,3021,3030,3033,3066,,
FL067,"WEST PALM BEACH, FL",2367,2367,2367,2367,2685,2883,3114,3405,3474,3027,3402,3483,3624,3729,3348,3459,3597,2856,3270,3510,3705,3762,3861,3933,,
FL068,"OCALA, FL",1728,1728,1728,1728,1884,1986,2124,2280,2286,2082,2277,2289,2298,2307,2262,2283,2295,1974,2223,2292,2301,2310,2313,2334,,
FL069,"FLORIDA KEYS, FL",2997,2997,2997,2997,3360,3570,3741,3987,4086,3684,3984,4101,4311,4524,3909,4065,4257,3552,3858,4137,4485,4656,4821,4911,,
FL070,"VOLUSIA COUNTY, FL",1650,1650,1650,1650,1845,1968,2121,2316,2349,2073,2313,2358,2436,2499,2277,2340,2421,1953,2229,2373,2481,2511,2562,2610,,
FL423,"FORT PIERCE, FL",1950,1950,1950,1950,2097,2208,2397,2616,2634,2328,2613,2643,2703,2775,2586,2631,2685,2187,2526,2652,2754,2790,2856,2907,,
FL424,"FORT MYERS BEACH, FL",2121,2121,2121,2121,2343,2478,2613,2760,2766,2571,2757,2769,2778,2883,2745,2763,2775,2466,2706,2772,2859,2916,3015,3069,,
GA071,"ATLANTA, GA",1752,1752,1752,1752,1989,2133,2250,2433,2511,2217,2430,2523,2658,2670,2364,2493,2655,2121,2331,2556,2661,2673,2676,2700,,
GA072,"ALBANY, GA",1041,1041,1041,1041,1176,1260,1302,1362,1467,1299,1359,1470,1515,1665,1329,1377,1512,1257,1326,1473,1662,1851,1869,1881,,
GA073,"FORT EISENHOWER, GA",1431,1431,1431,1431,1566,1650,1716,1839,1902,1710,1836,1911,2025,2058,1782,1887,2019,1647,1767,1938,2043,2061,2079,2115,,
GA074,"KINGS BAY/BRUNSWICK, GA",1644,1644,1644,1644,1845,1962,2013,2100,2127,2010,2097,2133,2202,2247,2064,2118,2190,1959,2052,2148,2232,2253,2289,2331,,
GA075,"FORT MOORE, GA",1308,1308,1308,1308,1434,1515,1590,1710,1755,1578,1707,1764,1860,1902,1662,1746,1851,1512,1644,1785,1887,1905,1938,1971,,
GA076,"ROBINS AFB, GA",1335,1335,1335,1335,1488,1584,1683,1830,1878,1659,1827,1887,1986,2046,1782,1866,1974,1575,1755,1908,2028,2055,2106,2142,,
GA077,"SAVANNAH, GA",1788,1788,1788,1788,1935,2037,2187,2388,2442,2139,2385,2451,2556,2589,2337,2430,2547,2022,2292,2475,2574,2592,2613,2661,,
GA079,"DAHLONEGA, GA",1704,1704,1704,1704,1878,1983,2043,2163,2238,2037,2160,2247,2382,2427,2100,2220,2370,1980,2088,2277,2412,2430,2466,2511,,
GA080,"FORT STEWART, GA",1680,1680,1680,1680,1824,1923,2043,2190,2205,2010,2187,2211,2268,2337,2160,2199,2250,1911,2127,2220,2319,2355,2421,2463,,
GA081,"MOODY AFB, GA",1245,1245,1245,1245,1320,1374,1404,1473,1554,1401,1470,1566,1710,1770,1410,1533,1695,1371,1407,1596,1755,1794,1836,1866,,
HI407,"MAUI COUNTY, HI",2838,2838,2838,2838,3216,3867,3954,4410,4605,3885,4407,4641,5184,5298,4284,4551,5154,3273,4122,4752,5271,5340,5499,5601,,
HI408,"HONOLULU COUNTY, HI",2403,2403,2403,2403,2682,2925,3216,3564,3621,3102,3561,3630,3774,3957,3510,3609,3729,2889,3414,3654,3924,4029,4209,4287,,
HI409,"HAWAII COUNTY, HI",2454,2454,2454,2454,2868,3108,3279,3471,3477,3222,3468,3480,3528,3639,3450,3474,3498,3090,3396,3486,3615,3675,3780,3852,,
HI414,"KAUAI COUNTY, HI",2589,2589,2589,2589,2928,3138,3366,3681,3795,3279,3678,3810,4008,4083,3594,3768,3987,3111,3522,3849,4062,4101,4170,4248,,
IA082,"DES MOINES, IA",1107,1107,1107,1107,1221,1542,1602,1719,1839,1557,1716,1857,2070,2154,1626,1812,2049,1266,1605,1902,2133,2178,2256,2295,,
ID084,"BOISE, ID",1668,1668,1668,1668,1785,1863,1938,2082,2169,1926,2079,2181,2334,2373,2013,2148,2322,1860,1995,2214,2358,2376,2409,2451,,
ID086,"MOUNTAIN HOME AFB, ID",1512,1512,1512,1512,1515,1725,1743,1800,1986,1740,1797,2010,2295,2310,1749,1944,2292,1518,1746,2073,2298,2313,2316,2343,,
IL088,"CHAMPAIGN/URBANA, IL",1071,1071,1071,1071,1194,1434,1452,1512,1659,1449,1509,1677,1908,1917,1458,1626,1905,1269,1455,1728,1911,1920,1932,1944,,
IL089,"ROCK ISLAND, IL",1329,1329,1329,1329,1350,1563,1584,1743,1866,1581,1740,1884,2082,2091,1647,1839,2079,1377,1611,1926,2085,2094,2097,2112,,
IL090,"PEORIA, IL",1029,1029,1029,1029,1203,1308,1368,1497,1578,1362,1494,1590,1743,1818,1431,1560,1725,1305,1416,1623,1797,1836,1902,1935,,
IL092,"GREAT LAKES NAVTRACEN, IL",1563,1563,1563,1563,1770,1971,2088,2349,2448,2028,2346,2463,2649,2760,2271,2424,2622,1890,2214,2499,2736,2796,2901,2952,,
IL093,"SCOTT AFB, IL",1173,1173,1173,1173,1344,1446,1476,1557,1674,1470,1554,1689,1896,1986,1482,1647,1872,1443,1479,1731,1965,2109,2127,2142,,
IL325,"CHICAGO, IL",2268,2268,2268,2268,2547,2721,2910,3150,3204,2841,3147,3213,3312,3321,3099,3192,3309,2700,3039,3237,3315,3324,3327,3366,,
IL335,"SPRINGFIELD/DECATUR, IL",1026,1026,1026,1026,1137,1452,1497,1602,1725,1467,1599,1740,1944,2007,1512,1698,1929,1215,1500,1782,1989,2019,2073,2109,,
IN094,"INDIANAPOLIS, IN",1356,1356,1356,1356,1491,1584,1719,1908,1965,1680,1905,1977,2082,2103,1857,1953,2076,1572,1815,2001,2091,2106,2112,2151,,
IN097,"FORT WAYNE, IN",1251,1251,1251,1251,1398,1515,1674,1872,1905,1623,1869,1911,1989,2040,1833,1896,1974,1500,1782,1926,2025,2052,2091,2127,,
IN338,"TERRE HAUTE, IN",1041,1041,1041,1041,1170,1251,1314,1425,1473,1305,1422,1482,1584,1650,1374,1461,1569,1248,1362,1503,1632,1734,1749,1761,,
IN399,"BLOOMINGTON, IN",1236,1236,1236,1236,1392,1521,1650,1806,1860,1611,1803,1863,1923,2109,1782,1809,1920,1509,1743,1866,2106,2346,2367,2385,,
KS100,"FORT RILEY, KS",987,987,987,987,1080,1248,1290,1353,1464,1263,1350,1479,1671,1728,1296,1440,1656,1140,1293,1521,1713,1740,1791,1821,,
KS101,"WICHITA/MCCONNELL AFB, KS",1026,1026,1026,1026,1131,1203,1266,1371,1455,1251,1368,1467,1620,1704,1305,1434,1599,1197,1293,1497,1686,1728,1806,1839,,
KS102,"FORT LEAVENWORTH, KS",1347,1347,1347,1347,1503,1599,1677,1821,1893,1665,1818,1905,2049,2130,1758,1878,2028,1593,1737,1935,2109,2151,2223,2262,,
KS105,"TOPEKA, KS",1020,1020,1020,1020,1137,1302,1359,1566,1623,1320,1563,1632,1749,1818,1512,1611,1731,1188,1467,1656,1800,1836,1896,1929,,
KY106,"FORT CAMPBELL, KY",1467,1467,1467,1467,1635,1734,1776,1866,1935,1773,1863,1944,2094,2241,1809,1920,2058,1731,1803,1971,2211,2295,2436,2481,,
KY107,"LEXINGTON, KY",1212,1212,1212,1212,1368,1485,1617,1806,1863,1578,1803,1875,1980,2007,1752,1851,1974,1473,1713,1899,1992,2010,2016,2052,,
KY109,"LOUISVILLE, KY",1341,1341,1341,1341,1500,1644,1776,2004,2067,1722,2001,2079,2199,2253,1947,2052,2187,1593,1893,2103,2238,2262,2310,2352,,
KY110,"FORT KNOX, KY",1179,1179,1179,1179,1302,1488,1581,1677,1800,1503,1620,1803,2007,2133,1593,1725,1977,1374,1584,1815,2109,2181,2301,2340,,
KY339,"FRANKFORT, KY",918,918,918,918,1029,1176,1278,1386,1467,1191,1323,1470,1596,1737,1293,1437,1560,1095,1281,1473,1707,1788,1923,1956,,
KY430,"PADUCAH, KY",993,993,993,993,1122,1362,1386,1431,1572,1377,1428,1590,1818,1854,1392,1542,1809,1200,1389,1641,1839,1893,1908,1923,,
LA113,"ALEXANDRIA, LA",939,939,939,939,1080,1170,1233,1320,1449,1194,1269,1452,1557,1671,1248,1362,1530,1167,1236,1455,1647,1830,1845,1860,,
LA114,"BATON ROUGE, LA",1368,1368,1368,1368,1521,1620,1728,1899,1974,1701,1896,1986,2115,2145,1836,1956,2109,1611,1806,2013,2133,2148,2163,2202,,
LA115,"FORT JOHNSON, LA",885,885,885,885,987,1251,1293,1329,1434,1266,1308,1452,1677,1731,1299,1404,1662,1053,1296,1500,1716,1740,1788,1818,,
LA116,"NEW ORLEANS, LA",1293,1293,1293,1293,1476,1725,1776,1947,2076,1743,1944,2094,2313,2382,1851,2046,2295,1593,1815,2139,2364,2397,2460,2505,,
LA117,"SHREVEPORT/BARKSDALE AFB, LA",1161,1161,1161,1161,1320,1437,1545,1728,1791,1512,1725,1803,1926,1992,1671,1776,1911,1410,1635,1827,1974,2004,2061,2097,,
LA118,"LAFAYETTE, LA",1155,1155,1155,1155,1311,1410,1533,1689,1713,1497,1686,1722,1803,1923,1653,1707,1773,1401,1620,1734,1899,1965,2082,2118,,
LA326,"ST MARY AND TERREBONNE, LA",1131,1131,1131,1131,1293,1401,1512,1641,1647,1482,1638,1650,1686,1794,1623,1644,1659,1392,1590,1653,1770,1869,1935,1968,,
LA370,"LAKE CHARLES, LA",1026,1026,1026,1026,1128,1197,1257,1371,1443,1248,1368,1455,1599,1701,1308,1428,1575,1194,1296,1482,1677,1743,1827,1857,,
LA371,"MONROE, LA",906,906,906,906,1017,1167,1203,1239,1335,1182,1218,1353,1563,1611,1209,1308,1548,1086,1206,1398,1596,1620,1662,1692,,
MA119,"NANTUCKET, MA",2925,2925,2925,2925,3354,3645,3912,4320,4524,3807,4317,4545,4881,4992,4182,4479,4854,3612,4092,4614,4968,5031,5136,5235,,
MA120,"BOSTON, MA",3147,3147,3147,3147,3489,3807,4215,4665,4692,4044,4662,4701,4779,4872,4629,4686,4758,3753,4488,4713,4851,4899,4986,5079,,
MA122,"WORCESTER, MA",2334,2334,2334,2334,2508,2619,2739,2964,3105,2706,2961,3123,3366,3441,2859,3075,3345,2610,2826,3174,3420,3459,3528,3594,,
MA123,"FITCHBURG, MA",2376,2376,2376,2376,2688,2862,2961,3141,3249,2937,3138,3264,3480,3669,3057,3225,3432,2856,3030,3303,3633,3747,3930,4005,,
MA124,"CAPE COD-PLYMOUTH, MA",2829,2829,2829,2829,3099,3267,3468,3702,3723,3396,3699,3729,3813,3966,3669,3717,3774,3246,3606,3741,3936,4026,4176,4254,,
MA125,"ESSEX CO, MA",2454,2454,2454,2454,2748,2925,3114,3375,3465,3048,3372,3477,3672,3882,3303,3444,3621,2907,3243,3510,3843,4011,4173,4251,,
MA126,"HAMPDEN COUNTY, MA",1692,1692,1692,1692,1947,2097,2238,2409,2589,2178,2406,2592,2811,3033,2310,2508,2757,2088,2280,2601,2994,3126,3342,3405,,
MA151,"MARTHA'S VINEYARD, MA",2751,2751,2751,2751,3099,3450,3678,4113,4293,3558,4110,4314,4635,4797,3984,4254,4593,3339,3882,4377,4764,4860,5016,5112,,
MA377,"HANSCOM AFB, MA",2970,2970,2970,2970,3456,3726,3861,4083,4197,3819,4080,4212,4419,4530,3996,4170,4389,3711,3957,4251,4506,4569,4674,4761,,
MD127,"ABERDEEN PROVING GROUNDS, MD",1848,1848,1848,1848,1953,2037,2205,2433,2496,2148,2430,2505,2643,2763,2376,2481,2613,2019,2322,2532,2736,2805,2919,2973,,
MD128,"ANNAPOLIS, MD",2256,2256,2256,2256,2448,2571,2715,2925,3009,2670,2922,3024,3171,3219,2856,2991,3159,2556,2814,3054,3204,3225,3267,3327,,
MD129,"BALTIMORE, MD",1824,1824,1824,1824,2037,2175,2358,2601,2667,2295,2598,2679,2811,2895,2541,2652,2790,2157,2484,2703,2874,2916,2991,3045,,
MD130,"FORT DETRICK, MD",2010,2010,2010,2010,2154,2250,2376,2598,2727,2340,2595,2745,2970,3066,2502,2697,2946,2238,2466,2790,3045,3099,3189,3249,,
MD133,"FORT G. G. MEADE, MD",2166,2166,2166,2166,2406,2550,2685,2901,2997,2646,2898,3009,3180,3246,2823,2973,3165,2538,2781,3045,3228,3261,3321,3381,,
MD134,"INDIAN HEAD NAVORDSTA, MD",2376,2376,2376,2376,2787,3006,3063,3153,3171,3060,3150,3177,3246,3357,3123,3165,3219,3003,3111,3186,3333,3396,3501,3567,,
MD135,"PATUXENT RIVER, MD",1845,1845,1845,1845,1983,2076,2217,2388,2412,2175,2385,2418,2484,2547,2355,2406,2466,2064,2313,2430,2529,2562,2619,2664,,
MD432,"EASTERN SHORE, MD",1554,1554,1554,1554,1728,1836,1926,2067,2118,1908,2064,2127,2232,2280,2016,2106,2217,1830,1992,2148,2265,2289,2331,2373,,
MD458,"OXFORD, MD",1632,1632,1632,1632,1824,2034,2181,2445,2541,2115,2442,2553,2718,2778,2370,2517,2706,1971,2310,2589,2760,2787,2838,2889,,
ME136,"BRUNSWICK, ME",1473,1473,1473,1473,1707,1854,2154,2487,2733,1935,2292,2736,2757,2973,2217,2643,2754,1845,2157,2739,2907,3162,3582,3648,,
ME139,"PORTLAND, ME",2181,2181,2181,2181,2550,2757,2874,3087,3216,2841,3084,3231,3489,3711,2991,3186,3432,2748,2958,3276,3672,3807,4026,4101,,
ME141,"COASTAL MAINE, ME",1488,1488,1488,1488,1686,1965,1995,2247,2382,1980,2244,2400,2625,2670,2145,2352,2613,1812,2097,2448,2655,2673,2709,2760,,
ME390,"BANGOR, ME",1275,1275,1275,1275,1416,1563,1704,1932,1983,1644,1929,1992,2115,2265,1884,1971,2076,1506,1830,2010,2235,2322,2466,2511,,
MI142,"DETROIT, MI",1455,1455,1455,1455,1680,1833,1953,2289,2340,1851,2286,2349,2457,2538,2238,2328,2439,1707,2145,2370,2517,2559,2634,2682,,
MI143,"MARQUETTE, MI",1215,1215,1215,1215,1392,1521,1629,1899,1938,1548,1896,1947,2049,2154,1854,1929,2022,1416,1782,1965,2130,2187,2283,2325,,
MI145,"SAULT STE MARIE, MI",978,978,978,978,1083,1242,1305,1476,1536,1272,1473,1548,1668,1740,1422,1524,1650,1176,1389,1572,1722,1761,1827,1857,,
MI146,"TRAVERSE CITY, MI",1554,1554,1554,1554,1716,1851,1941,2034,2178,1869,2001,2199,2493,2616,1956,2139,2463,1812,1944,2259,2589,2658,2775,2823,,
MI148,"GRAND HAVEN, MI",1554,1554,1554,1554,1704,1824,1920,2124,2235,1887,2121,2250,2430,2448,2037,2208,2427,1791,2004,2289,2436,2451,2454,2490,,
MI152,"BATTLE CREEK/KALAMAZOO, MI",1185,1185,1185,1185,1356,1668,1716,1893,2013,1683,1890,2028,2232,2301,1803,1986,2217,1395,1734,2070,2283,2319,2382,2424,,
MI153,"LANSING, MI",1113,1113,1113,1113,1239,1380,1485,1692,1740,1434,1689,1749,1842,1887,1647,1728,1833,1311,1596,1770,1872,1935,1953,1968,,
MI154,"GRAND RAPIDS, MI",1386,1386,1386,1386,1572,1701,1851,2064,2130,1803,2061,2142,2259,2286,2004,2115,2253,1686,1959,2166,2271,2289,2298,2337,,
MI155,"ANN ARBOR, MI",1674,1674,1674,1674,1866,2238,2319,2577,2727,2253,2574,2745,3003,3114,2469,2694,2976,1974,2394,2799,3090,3150,3255,3312,,
MI156,"SAGINAW, MI",1002,1002,1002,1002,1122,1305,1338,1551,1617,1320,1548,1626,1746,1788,1494,1602,1734,1170,1446,1653,1773,1791,1824,1857,,
MN158,"DULUTH, MN",1404,1404,1404,1404,1596,1716,1845,2010,2040,1806,2007,2049,2121,2163,1971,2034,2109,1704,1935,2064,2148,2166,2202,2241,,
MN159,"MINNEAPOLIS/ST PAUL, MN",1584,1584,1584,1584,1782,1968,2121,2430,2496,2025,2427,2508,2631,2685,2373,2481,2616,1842,2292,2532,2670,2694,2742,2790,,
MO160,"KANSAS CITY, MO",1347,1347,1347,1347,1536,1671,1797,1974,2028,1761,1971,2037,2139,2166,1923,2016,2133,1659,1884,2061,2154,2169,2181,2220,,
MO161,"ST. LOUIS, MO",1584,1584,1584,1584,1830,1980,2115,2319,2397,2076,2316,2409,2553,2604,2250,2379,2541,1968,2211,2439,2586,2610,2652,2700,,
MO162,"WHITEMAN AFB, MO",996,996,996,996,1104,1311,1395,1533,1608,1326,1530,1620,1770,1887,1470,1590,1740,1152,1425,1647,1863,1929,2040,2076,,
MO163,"FORT LEONARD WOOD, MO",1119,1119,1119,1119,1122,1152,1236,1362,1419,1206,1359,1431,1560,1671,1308,1407,1530,1134,1284,1455,1647,1707,1815,1845,,
MO164,"SPRINGFIELD, MO",984,984,984,984,1077,1308,1353,1422,1536,1323,1419,1554,1752,1815,1359,1512,1737,1140,1356,1596,1797,1893,1908,1923,,
MO165,"COLUMBIA/JEFFERSON CITY, MO",981,981,981,981,1062,1119,1248,1413,1569,1179,1317,1572,1602,1713,1275,1491,1599,1116,1251,1575,1701,1827,2010,2043,,
MS168,"GULFPORT, MS",1254,1254,1254,1254,1320,1371,1437,1533,1557,1428,1530,1563,1644,1764,1500,1551,1611,1368,1485,1575,1740,1884,1926,1959,,
MS169,"COLUMBUS AFB, MS",1053,1053,1053,1053,1116,1359,1428,1500,1584,1374,1458,1590,1830,1926,1437,1542,1806,1164,1431,1641,1902,1956,2046,2079,,
MS170,"JACKSON, MS",1275,1275,1275,1275,1446,1554,1656,1815,1884,1629,1812,1893,2031,2133,1758,1869,2007,1545,1728,1920,2109,2166,2259,2298,,
MS171,"MERIDIAN, MS",888,888,888,888,987,1077,1170,1266,1383,1113,1245,1386,1458,1587,1194,1317,1428,1047,1176,1389,1560,1662,1758,1788,,
MS172,"HATTIESBURG, MS",1089,1089,1089,1089,1167,1224,1299,1395,1404,1287,1392,1407,1467,1599,1371,1401,1437,1221,1353,1416,1572,1683,1770,1800,,
MT175,"MALMSTROM SFB/GREAT FALLS, MT",1095,1095,1095,1095,1218,1299,1398,1545,1686,1371,1524,1689,1719,1905,1479,1614,1716,1293,1455,1692,1872,1983,2166,2205,,
MT347,"HELENA, MT",1383,1383,1383,1383,1467,1797,1875,1956,2091,1812,1908,2112,2415,2523,1887,2049,2388,1524,1878,2175,2499,2559,2661,2709,,
NC176,"OUTER BANKS, NC",1668,1668,1668,1668,1938,2094,2193,2349,2418,2169,2346,2430,2556,2604,2289,2403,2544,2085,2262,2457,2589,2610,2649,2697,,
NC177,"MOREHEAD/CHERRY PT MCAS, NC",1665,1665,1665,1665,1722,1770,1824,1914,1941,1821,1911,1947,2034,2163,1878,1932,2001,1767,1866,1962,2136,2208,2331,2373,,
NC178,"CAMP LEJEUNE, NC",1266,1266,1266,1266,1443,1551,1572,1623,1704,1569,1620,1716,1866,1935,1578,1686,1848,1548,1575,1746,1914,1950,2010,2046,,
NC179,"CHARLOTTE, NC",1566,1566,1566,1566,1770,1899,2049,2262,2328,2001,2259,2337,2451,2463,2202,2310,2448,1884,2157,2364,2454,2466,2469,2490,,
NC180,"DURHAM/CHAPEL HILL, NC",1584,1584,1584,1584,1743,1845,1968,2160,2250,1935,2157,2262,2412,2442,2088,2229,2406,1836,2052,2295,2427,2445,2457,2499,,
NC181,"ELIZABETH CITY, NC",1692,1692,1692,1692,1878,2001,2160,2343,2349,2109,2340,2352,2379,2433,2325,2346,2367,1983,2274,2355,2418,2442,2490,2532,,
NC182,"FORT LIBERTY/POPE, NC",1377,1377,1377,1377,1527,1620,1701,1836,1893,1686,1833,1905,2019,2070,1782,1881,2007,1617,1761,1929,2055,2079,2124,2160,,
NC183,"SEYMOUR JOHNSON AFB, NC",1245,1245,1245,1245,1350,1419,1452,1536,1656,1449,1524,1659,1788,1932,1461,1590,1752,1416,1458,1662,1902,1986,2124,2160,,
NC184,"GREENSBORO, NC",1236,1236,1236,1236,1422,1539,1650,1821,1893,1620,1818,1905,2049,2130,1758,1875,2028,1530,1728,1932,2109,2154,2232,2271,,
NC185,"RALEIGH, NC",1548,1548,1548,1548,1728,1845,1992,2151,2157,1947,2148,2160,2169,2235,2139,2154,2166,1833,2094,2163,2214,2253,2316,2358,,
NC186,"WILMINGTON, NC",1542,1542,1542,1542,1752,1878,1971,2160,2286,1950,2157,2301,2511,2556,2067,2259,2499,1869,2040,2346,2541,2562,2601,2646,,
NC187,"ASHEVILLE, NC",1629,1629,1629,1629,1830,1959,2109,2331,2418,2061,2328,2430,2595,2697,2262,2397,2571,1944,2214,2463,2673,2829,2853,2877,,
ND188,"BISMARCK, ND",1038,1038,1038,1038,1143,1554,1581,1623,1788,1572,1620,1809,2076,2115,1587,1752,2067,1206,1584,1869,2100,2118,2148,2184,,
ND189,"FARGO, ND",1041,1041,1041,1041,1131,1587,1629,1671,1812,1602,1644,1836,2124,2184,1635,1773,2109,1191,1632,1896,2166,2193,2244,2283,,
ND190,"GRAND FORKS, ND",1071,1071,1071,1071,1191,1362,1401,1638,1698,1377,1635,1707,1821,1878,1584,1683,1809,1218,1521,1731,1863,1890,1938,1971,,
ND191,"MINOT AFB, ND",1059,1059,1059,1059,1179,1410,1452,1545,1665,1425,1542,1683,1887,1947,1458,1638,1872,1254,1455,1725,1932,1959,2013,2049,,
NE192,"OMAHA/OFFUTT AFB, NE",1305,1305,1305,1305,1449,1734,1755,2013,2121,1752,2010,2136,2310,2319,1929,2097,2307,1545,1872,2175,2313,2322,2325,2343,,
NE193,"LINCOLN, NE",1146,1146,1146,1146,1275,1434,1482,1656,1746,1449,1653,1758,1923,1992,1584,1725,1905,1353,1554,1794,1974,2010,2073,2109,,
NH194,"PORTSMOUTH, NH/KITTERY, ME",2286,2286,2286,2286,2574,2757,2961,3249,3357,2886,3246,3372,3609,3876,3165,3333,3543,2733,3099,3411,3831,3993,4260,4338,,
NH195,"MANCHESTER/CONCORD, NH",2127,2127,2127,2127,2448,2640,2805,3054,3156,2751,3051,3171,3396,3639,2973,3132,3333,2622,2922,3207,3597,3744,3987,4062,,
NJ196,"ATLANTIC CITY, NJ",1968,1968,1968,1968,2238,2391,2478,2667,2847,2454,2664,2871,3186,3339,2538,2808,3147,2388,2520,2931,3309,3399,3546,3612,,
NJ198,"CAPE MAY, NJ",1740,1740,1740,1740,1962,2199,2325,2613,2727,2256,2610,2745,2928,2943,2526,2703,2925,2106,2463,2784,2931,2946,2949,2985,,
NJ200,"FORT MONMOUTH/EARLE NWS, NJ",2451,2451,2451,2451,2871,3102,3234,3453,3573,3195,3450,3588,3807,3933,3363,3546,3774,3090,3324,3630,3906,3978,4101,4176,,
NJ201,"PERTH AMBOY, NJ",2418,2418,2418,2418,2835,3060,3150,3375,3573,3132,3372,3594,3909,3966,3237,3528,3894,3054,3216,3663,3951,3978,4029,4104,,
NJ202,"NORTHERN NEW JERSEY, NJ",3027,3027,3027,3027,3414,3720,4050,4446,4509,3915,4443,4521,4635,4662,4389,4494,4629,3675,4275,4545,4650,4665,4674,4761,,
NJ203,"TRENTON, NJ",2310,2310,2310,2310,2628,2829,3081,3432,3555,2985,3429,3570,3792,3900,3339,3528,3765,2799,3255,3615,3876,3933,4035,4110,,
NJ204,"JB MCGUIRE-DIX-LAKEHURST, NJ",1977,1977,1977,1977,2316,2505,2595,2811,2988,2577,2808,3009,3294,3342,2685,2949,3282,2499,2661,3069,3327,3348,3387,3450,,
NM205,"HOLLOMAN AFB/ALAMOGORDO, NM",975,975,975,975,1095,1233,1296,1500,1545,1248,1497,1554,1650,1707,1455,1536,1638,1119,1407,1575,1689,1716,1767,1797,,
NM206,"ALBUQUERQUE/KIRTLAND AFB, NM",1479,1479,1479,1479,1647,1785,1977,2196,2202,1911,2193,2205,2232,2265,2172,2199,2226,1764,2112,2211,2253,2268,2289,2331,,
NM207,"CANNON AFB/CLOVIS, NM",903,903,903,903,1020,1149,1218,1359,1416,1179,1356,1428,1551,1644,1302,1404,1527,1095,1275,1452,1623,1671,1758,1788,,
NM209,"WHITE SANDS MR/LAS CRUCES, NM",1149,1149,1149,1149,1314,1452,1542,1794,1839,1467,1791,1848,1941,1989,1749,1827,1929,1338,1683,1866,1974,1995,2037,2073,,
NM210,"SANTA FE/LOS ALAMOS, NM",1836,1836,1836,1836,2061,2547,2571,2877,3072,2562,2874,3093,3399,3432,2745,3027,3390,2148,2649,3159,3417,3435,3459,3522,,
NV211,"FALLON NAS, NV",1128,1128,1128,1128,1329,1452,1503,1593,1716,1500,1590,1719,1761,1956,1551,1656,1740,1449,1542,1722,1920,2034,2223,2262,,
NV212,"NELLIS AFB/LAS VEGAS, NV",1563,1563,1563,1563,1749,1866,1983,2136,2169,1950,2133,2175,2253,2307,2097,2160,2238,1854,2064,2193,2289,2316,2364,2406,,
NV213,"RENO/CARSON CITY, NV",1659,1659,1659,1659,1857,2001,2190,2454,2526,2118,2451,2538,2670,2700,2391,2511,2661,1968,2328,2568,2685,2703,2721,2769,,
NY215,"BALLSTON SPA/ALBANY, NY",1854,1854,1854,1854,1980,2076,2265,2508,2556,2199,2505,2568,2685,2808,2457,2544,2655,2055,2397,2589,2781,2850,2964,3018,,
NY216,"BUFFALO, NY",1479,1479,1479,1479,1632,1791,1890,2121,2214,1842,2118,2229,2403,2481,2043,2193,2382,1722,1998,2265,2460,2502,2574,2619,,
NY217,"WEST POINT, NY",2202,2202,2202,2202,2556,2859,2940,3252,3462,2886,3249,3486,3813,3849,3108,3414,3804,2757,3054,3558,3834,3852,3873,3945,,
NY218,"LONG ISLAND, NY",3054,3054,3054,3054,3423,3654,3945,4308,4392,3831,4305,4404,4566,4668,4239,4374,4542,3618,4143,4437,4644,4698,4794,4884,,
NY219,"NEW YORK CITY, NY",4197,4197,4197,4197,4770,5073,5091,5103,5109,5088,5100,5112,5121,5184,5097,5106,5118,5070,5094,5115,5163,5211,5292,5394,,
NY221,"ROCHESTER, NY",1374,1374,1374,1374,1560,1752,1839,2136,2202,1767,2133,2214,2349,2436,2076,2187,2328,1590,1998,2241,2415,2460,2538,2583,,
NY222,"ROME/GRIFFISS AFB, NY",1437,1437,1437,1437,1590,2040,2085,2241,2421,2058,2238,2442,2733,2796,2115,2379,2715,1704,2088,2502,2778,2808,2865,2916,,
NY223,"SYRACUSE, NY",1386,1386,1386,1386,1509,1629,1803,2043,2094,1734,2040,2097,2220,2427,2001,2073,2166,1587,1938,2109,2388,2514,2718,2766,,
NY225,"FORT DRUM/WATERTOWN, NY",1194,1194,1194,1194,1323,1404,1515,1692,1836,1476,1629,1839,1857,2073,1578,1776,1854,1401,1557,1842,2031,2169,2391,2433,,
NY349,"WESTCHESTER COUNTY, NY",2955,2955,2955,2955,3465,3846,4104,4380,4728,3867,4305,4731,5208,5556,4155,4554,5121,3732,4107,4758,5499,5712,6060,6174,,
NY413,"STATEN ISLAND, NY",2811,2811,2811,2811,3105,3279,3441,3684,3786,3387,3681,3801,3996,4128,3603,3762,3966,3264,3552,3837,4101,4173,4296,4377,,
OH227,"AKRON, OH",1110,1110,1110,1110,1302,1413,1452,1548,1644,1449,1545,1656,1812,1821,1473,1620,1809,1410,1470,1692,1815,1950,1968,1983,,
OH228,"CINCINNATI, OH",1452,1452,1452,1452,1617,1761,1941,2199,2247,1866,2196,2256,2349,2370,2151,2235,2343,1710,2085,2277,2358,2373,2379,2421,,
OH229,"CLEVELAND, OH",1266,1266,1266,1266,1413,1689,1710,1962,2067,1707,1959,2079,2250,2268,1881,2043,2247,1491,1821,2118,2256,2271,2274,2304,,
OH230,"COLUMBUS, OH",1380,1380,1380,1380,1536,1632,1710,1869,1977,1698,1866,1992,2193,2295,1782,1953,2166,1629,1764,2031,2271,2328,2424,2469,,
OH231,"WRIGHT-PATTERSON AFB, OH",1089,1089,1089,1089,1239,1335,1434,1581,1632,1410,1578,1641,1749,1833,1533,1620,1728,1329,1506,1662,1815,1899,1935,1968,,
OH232,"TOLEDO, OH",1287,1287,1287,1287,1473,1545,1725,1989,2007,1638,1986,2013,2055,2064,1962,2001,2052,1491,1884,2022,2058,2067,2070,2082,,
OH233,"YOUNGSTOWN, OH",864,864,864,864,948,1011,1089,1200,1254,1074,1197,1257,1317,1458,1164,1230,1281,1005,1146,1260,1428,1509,1644,1671,,
OK235,"ALTUS AFB, OK",891,891,891,891,963,1104,1188,1281,1392,1119,1278,1395,1494,1611,1224,1329,1464,1014,1194,1398,1584,1695,1764,1794,,
OK236,"VANCE AFB/ENID, OK",870,870,870,870,942,1074,1152,1233,1356,1089,1215,1359,1452,1560,1164,1275,1425,996,1155,1362,1536,1710,1725,1737,,
OK237,"FORT SILL/LAWTON, OK",951,951,951,951,1035,1095,1170,1293,1368,1158,1290,1371,1470,1584,1245,1332,1443,1092,1227,1374,1560,1662,1731,1761,,
OK239,"OKLAHOMA CITY, OK",1197,1197,1197,1197,1332,1419,1518,1668,1719,1497,1665,1728,1827,1875,1620,1707,1815,1413,1593,1749,1860,1881,1923,1956,,
OK240,"TULSA, OK",1068,1068,1068,1068,1245,1350,1419,1545,1611,1410,1542,1623,1755,1833,1485,1596,1737,1347,1470,1650,1812,1923,1941,1953,,
OR241,"ASTORIA, OR",1404,1404,1404,1404,1566,1968,2061,2160,2316,1983,2133,2337,2649,2778,2076,2277,2616,1662,2064,2400,2751,2826,2949,3003,,
OR242,"COOS BAY, OR",1248,1248,1248,1248,1383,1674,1815,1959,2091,1692,1923,2094,2274,2463,1839,2031,2226,1485,1818,2097,2427,2538,2721,2772,,
OR243,"PORTLAND, OR",1656,1656,1656,1656,1872,2010,2172,2412,2505,2118,2409,2520,2694,2790,2334,2484,2670,1995,2286,2553,2769,2820,2910,2961,,
OR244,"SALEM, OR",1377,1377,1377,1377,1578,1752,1839,2043,2148,1803,2040,2163,2361,2478,1962,2124,2331,1701,1926,2202,2451,2517,2628,2676,,
OR245,"CORVALLIS, OR",1572,1572,1572,1572,1752,1971,2097,2397,2478,2010,2394,2490,2643,2724,2331,2460,2622,1839,2256,2520,2703,2808,2832,2874,,
OR246,"EUGENE, OR",1584,1584,1584,1584,1749,1857,1968,2142,2217,1938,2139,2229,2382,2499,2079,2202,2355,1848,2046,2259,2472,2538,2646,2694,,
PA247,"CARLISLE BARRACKS, PA",1383,1383,1383,1383,1557,1728,1848,2073,2154,1797,2070,2166,2316,2394,2007,2136,2298,1674,1956,2196,2373,2415,2487,2529,,
PA248,"PHILADELPHIA, PA/CAMDEN, NJ",1800,1800,1800,1800,1989,2127,2337,2619,2694,2259,2616,2706,2841,2889,2556,2676,2829,2097,2487,2733,2874,2895,2937,2991,,
PA249,"WILLOW GROVE, PA",2025,2025,2025,2025,2313,2514,2706,2994,3114,2640,2991,3129,3324,3333,2901,3087,3321,2493,2841,3174,3327,3336,3339,3381,,
PA250,"PITTSBURGH, PA",1491,1491,1491,1491,1668,1932,1992,2265,2379,1950,2262,2394,2574,2586,2181,2352,2571,1782,2121,2433,2577,2589,2592,2616,,
PA252,"STATE COLLEGE, PA",1182,1182,1182,1182,1323,1599,1662,1770,1902,1614,1767,1920,2148,2232,1674,1872,2124,1410,1665,1965,2211,2283,2337,2379,,
PA253,"ERIE, PA",1086,1086,1086,1086,1272,1380,1401,1440,1497,1398,1437,1509,1623,1683,1407,1485,1611,1377,1404,1533,1665,1692,1743,1773,,
PA254,"WILKES-BARRE/SCRANTON, PA",1275,1275,1275,1275,1446,1551,1644,1785,1836,1626,1782,1845,1941,1977,1737,1824,1929,1545,1713,1863,1962,1986,2010,2043,,
PA255,"ALLENTOWN/BETHLEHEM, PA",1680,1680,1680,1680,1917,2055,2166,2358,2466,2136,2355,2481,2658,2670,2274,2442,2655,2049,2244,2523,2661,2673,2676,2709,,
RI256,"NEWPORT, RI",1980,1980,1980,1980,2238,2556,2697,2916,3099,2574,2913,3120,3450,3642,2787,3057,3402,2379,2727,3183,3606,3720,3906,3978,,
RI257,"PROVIDENCE, RI",2088,2088,2088,2088,2442,2646,2787,2979,3030,2745,2976,3042,3174,3348,2928,3018,3132,2634,2886,3063,3315,3417,3585,3651,,
SC258,"BEAUFORT/PARRIS ISLAND, SC",1905,1905,1905,1905,2148,2286,2367,2526,2634,2352,2523,2649,2835,2883,2445,2610,2820,2283,2424,2688,2868,2892,2934,2985,,
SC259,"CHARLESTON, SC",1779,1779,1779,1779,1971,2094,2250,2454,2502,2199,2451,2511,2610,2652,2403,2490,2598,2079,2358,2532,2637,2655,2688,2736,,
SC260,"COLUMBIA/FORT JACKSON, SC",1476,1476,1476,1476,1644,1746,1809,1917,1956,1803,1914,1965,2055,2112,1872,1947,2043,1743,1857,1983,2097,2124,2172,2211,,
SC261,"GREENVILLE, SC",1362,1362,1362,1362,1524,1626,1755,1920,1953,1719,1917,1962,2034,2073,1881,1947,2025,1617,1845,1977,2058,2076,2106,2142,,
SC262,"MYRTLE BEACH, SC",1659,1659,1659,1659,1809,1908,2016,2178,2232,1989,2175,2244,2358,2433,2127,2220,2337,1899,2097,2265,2412,2451,2520,2565,,
SC263,"SUMTER/SHAW AFB, SC",1026,1026,1026,1026,1203,1389,1422,1506,1629,1404,1503,1647,1857,1902,1428,1602,1845,1305,1425,1692,1887,1908,1950,1983,,
SD264,"RAPID CITY/ELLSWORTH AFB, SD",1374,1374,1374,1374,1503,1644,1785,2019,2076,1722,2016,2085,2199,2265,1968,2064,2184,1581,1908,2109,2247,2280,2340,2382,,
SD265,"SIOUX FALLS, SD",1137,1137,1137,1137,1221,1503,1527,1638,1773,1518,1635,1788,2007,2043,1539,1743,1998,1275,1530,1836,2028,2046,2073,2109,,
TN266,"CHATTANOOGA, TN",1440,1440,1440,1440,1635,1818,1851,2049,2187,1833,2046,2205,2421,2433,1947,2154,2418,1749,1920,2253,2424,2436,2439,2460,,
TN267,"KNOXVILLE, TN",1479,1479,1479,1479,1680,1842,1926,2136,2250,1890,2133,2268,2475,2577,2049,2226,2448,1791,2013,2307,2553,2610,2706,2754,,
TN268,"MEMPHIS, TN",1590,1590,1590,1590,1800,1932,2067,2235,2253,2025,2232,2262,2307,2319,2205,2250,2304,1917,2163,2271,2310,2322,2325,2343,,
TN269,"NASHVILLE, TN",1746,1746,1746,1746,1905,2007,2136,2346,2454,2097,2343,2469,2652,2688,2262,2430,2643,1995,2226,2511,2676,2691,2718,2766,,
TN353,"JOHNSON CITY/KINGSPORT, TN",1101,1101,1101,1101,1242,1491,1554,1617,1734,1506,1587,1755,2004,2091,1563,1701,1980,1326,1557,1806,2070,2115,2196,2235,,
TX270,"ABILENE/DYESS AFB, TX",1089,1089,1089,1089,1212,1560,1578,1608,1782,1575,1605,1803,2076,2088,1584,1743,2073,1290,1581,1866,2079,2091,2094,2106,,
TX272,"AUSTIN, TX",1587,1587,1587,1587,1764,2103,2352,2616,2892,2124,2463,2895,2961,3216,2400,2742,2958,1884,2355,2898,3165,3429,3702,3768,,
TX273,"BEAUMONT, TX",1080,1080,1080,1080,1248,1350,1404,1533,1626,1401,1530,1638,1794,1803,1455,1605,1791,1347,1446,1674,1797,1806,1809,1821,,
TX274,"COLLEGE STATION, TX",1272,1272,1272,1272,1395,1560,1653,1794,1896,1575,1791,1908,2103,2229,1713,1872,2073,1470,1680,1947,2202,2277,2397,2439,,
TX275,"CORPUS CHRISTI, TX",1242,1242,1242,1242,1377,1728,1746,1872,2031,1743,1869,2052,2301,2313,1755,1995,2298,1458,1749,2106,2304,2316,2319,2337,,
TX277,"DALLAS, TX",1710,1710,1710,1710,1896,2166,2289,2607,2706,2199,2604,2721,2886,2895,2526,2685,2883,2025,2448,2757,2889,2898,2901,2931,,
TX278,"LAUGHLIN AFB/DEL RIO, TX",978,978,978,978,1122,1293,1386,1482,1626,1311,1461,1629,1752,1878,1401,1536,1719,1215,1389,1632,1851,2040,2058,2079,,
TX279,"EL PASO, TX",1275,1275,1275,1275,1425,1527,1647,1824,1881,1614,1821,1890,1995,2025,1770,1866,1986,1515,1734,1914,2013,2028,2046,2082,,
TX281,"BROWNSVILLE, TX",1137,1137,1137,1137,1296,1467,1548,1695,1785,1491,1692,1800,1977,2088,1620,1764,1950,1404,1590,1833,2064,2145,2232,2271,,
TX282,"HOUSTON, TX",1446,1446,1446,1446,1608,1752,1938,2181,2232,1869,2178,2241,2334,2358,2133,2220,2328,1722,2070,2262,2346,2361,2367,2409,,
TX283,"LUBBOCK, TX",1044,1044,1044,1044,1173,1380,1416,1554,1656,1395,1551,1671,1845,1899,1473,1632,1833,1251,1443,1707,1881,1920,1950,1983,,
TX284,"GOODFELLOW AFB, TX",1038,1038,1038,1038,1158,1311,1398,1563,1626,1350,1560,1638,1773,1890,1506,1611,1743,1251,1470,1662,1866,1932,2043,2076,,
TX285,"SAN ANTONIO, TX",1344,1344,1344,1344,1530,1656,1794,1983,2037,1752,1980,2049,2145,2157,1932,2025,2142,1644,1890,2070,2148,2160,2163,2178,,
TX286,"FORT CAVAZOS, TX",1299,1299,1299,1299,1452,1545,1575,1629,1713,1572,1626,1716,1830,1992,1584,1671,1788,1542,1581,1719,1959,2055,2211,2250,,
TX288,"WICHITA FLS/SHEPPARD AFB, TX",1005,1005,1005,1005,1134,1515,1581,1650,1761,1530,1608,1764,2037,2127,1590,1698,2013,1227,1584,1815,2106,2157,2241,2280,,
TX356,"FORT WORTH, TX",1461,1461,1461,1461,1644,1791,1950,2175,2247,1899,2172,2259,2385,2406,2112,2229,2382,1776,2061,2286,2394,2409,2412,2451,,
TX415,"WACO, TX",1389,1389,1389,1389,1440,1542,1626,1815,1899,1581,1812,1911,2076,2190,1743,1878,2049,1479,1707,1944,2166,2235,2334,2376,,
UT291,"OGDEN/HILL AFB, UT",1533,1533,1533,1533,1680,1782,1941,2124,2136,1890,2121,2142,2190,2253,2097,2133,2175,1767,2049,2151,2235,2268,2322,2364,,
UT292,"SALT LAKE CITY, UT",1506,1506,1506,1506,1686,1806,1980,2202,2250,1920,2199,2259,2385,2547,2154,2238,2343,1788,2100,2280,2514,2610,2769,2817,,
UT357,"PROVO, UT",1602,1602,1602,1602,1752,1851,1974,2133,2157,1938,2130,2163,2247,2376,2097,2151,2214,1839,2061,2175,2349,2424,2550,2595,,
VA295,"CHARLOTTESVILLE, VA",1716,1716,1716,1716,1899,2013,2112,2292,2397,2088,2289,2412,2613,2742,2211,2373,2580,2007,2184,2451,2715,2787,2910,2964,,
VA296,"QUANTICO/WOODBRIDGE, VA",2196,2196,2196,2196,2421,2571,2775,3030,3075,2703,3027,3084,3189,3267,2982,3063,3168,2550,2916,3105,3246,3288,3360,3420,,
VA297,"HAMPTON/NEWPORT NEWS, VA",1569,1569,1569,1569,1749,1866,2022,2205,2217,1971,2202,2223,2262,2292,2181,2214,2253,1851,2133,2229,2277,2295,2310,2352,,
VA298,"NORFOLK/PORTSMOUTH, VA",1674,1674,1674,1674,1869,1995,2157,2361,2391,2103,2358,2397,2469,2514,2322,2382,2457,1977,2271,2412,2499,2517,2556,2601,,
VA301,"RICHMOND/FORT GREGG-ADAMS, VA",1701,1701,1701,1701,1860,1968,2115,2328,2400,2067,2325,2412,2547,2604,2265,2382,2532,1953,2220,2439,2586,2613,2661,2709,,
VA302,"WARRENTON, VA",2160,2160,2160,2160,2424,2589,2769,3003,3063,2706,3000,3072,3201,3309,2949,3048,3177,2571,2892,3099,3285,3342,3444,3507,,
VA303,"LEXINGTON, VA",1125,1125,1125,1125,1212,1413,1449,1539,1665,1428,1536,1680,1890,1944,1455,1635,1878,1269,1452,1725,1926,1950,1995,2031,,
VA362,"ROANOKE, VA",1260,1260,1260,1260,1416,1527,1683,1878,1911,1632,1875,1917,2001,2091,1839,1902,1980,1512,1791,1932,2067,2115,2199,2235,,
VA368,"DAHLGREN/FORT WALKER, VA",1989,1989,1989,1989,2175,2283,2319,2400,2481,2316,2397,2493,2637,2676,2334,2460,2625,2280,2331,2523,2664,2679,2712,2763,,
VT305,"BURLINGTON, VT",2073,2073,2073,2073,2322,2706,2829,3099,3288,2724,3096,3309,3642,3810,2964,3246,3600,2460,2886,3375,3780,3876,4041,4116,,
WA306,"BREMERTON, WA",1866,1866,1866,1866,2043,2151,2253,2424,2505,2229,2421,2517,2685,2820,2355,2487,2652,2145,2328,2550,2793,2868,2997,3051,,
WA307,"EVERETT, WA",1935,1935,1935,1935,2202,2367,2538,2790,2895,2481,2787,2910,3111,3249,2709,2871,3078,2349,2655,2949,3222,3300,3435,3498,,
WA308,"PORT ANGELES, WA",1518,1518,1518,1518,1716,2115,2142,2397,2553,2130,2394,2574,2823,2862,2286,2517,2814,1770,2202,2628,2847,2865,2898,2949,,
WA309,"SEATTLE, WA",2235,2235,2235,2235,2574,2847,2919,3201,3426,2865,3198,3450,3813,3912,3048,3375,3789,2757,3006,3525,3888,3942,4032,4107,,
WA310,"SPOKANE, WA",1524,1524,1524,1524,1623,1995,2028,2262,2409,2013,2259,2427,2667,2712,2157,2376,2655,1686,2085,2478,2697,2718,2757,2808,,
WA311,"TACOMA, WA",1785,1785,1785,1785,2013,2160,2331,2583,2676,2274,2580,2688,2862,2940,2505,2655,2841,2142,2451,2724,2919,2961,3033,3087,,
WA312,"WHIDBEY ISLAND, WA",1590,1590,1590,1590,1803,1980,2094,2208,2334,1998,2151,2358,2673,2823,2112,2295,2634,1923,2097,2418,2793,2883,3027,3084,,
WA313,"YAKIMA, WA",1209,1209,1209,1209,1350,1716,1797,1899,2043,1731,1896,2061,2310,2421,1809,2010,2280,1419,1800,2109,2397,2460,2565,2610,,
WI316,"MADISON, WI",1614,1614,1614,1614,1794,1953,2160,2418,2463,2085,2415,2472,2610,2817,2370,2454,2559,1929,2301,2493,2778,2904,3108,3165,,
WI317,"MILWAUKEE, WI",1635,1635,1635,1635,1866,2028,2181,2409,2502,2133,2406,2517,2691,2781,2334,2481,2667,2013,2289,2550,2760,2808,2895,2946,,
WI318,"SPARTA/FORT MCCOY, WI",1134,1134,1134,1134,1236,1347,1365,1431,1563,1362,1428,1581,1791,1803,1371,1533,1788,1299,1368,1629,1794,1806,1809,1818,,
WI359,"STEVENS POINT, WI",957,957,957,957,1047,1230,1248,1374,1467,1245,1371,1482,1635,1644,1299,1446,1632,1107,1275,1515,1638,1647,1650,1656,,
WV320,"MORGANTOWN, WV",1041,1041,1041,1041,1170,1368,1410,1617,1689,1383,1614,1698,1833,1890,1557,1671,1818,1215,1506,1728,1875,1902,1953,1986,,
WV322,"HUNTINGTON, WV",1017,1017,1017,1017,1158,1275,1359,1521,1581,1329,1518,1590,1707,1758,1467,1566,1692,1242,1437,1614,1740,1764,1809,1839,,
WV323,"CHARLESTON, WV",990,990,990,990,1062,1206,1248,1374,1458,1221,1371,1470,1617,1674,1308,1437,1602,1113,1281,1500,1659,1752,1764,1776,,
WV454,"EASTERN PANHANDLE, WV",1665,1665,1665,1665,1701,1752,1908,2109,2151,1857,2106,2160,2262,2346,2061,2142,2241,1737,2016,2181,2325,2370,2445,2490,,
WY324,"CHEYENNE, WY",1020,1020,1020,1020,1143,1545,1593,1644,1773,1560,1617,1791,2070,2139,1599,1734,2052,1227,1596,1851,2121,2157,2220,2259,,
ZZ510,COUNTY COST GROUP 510,954,954,954,954,1050,1188,1242,1368,1443,1203,1365,1455,1599,1671,1305,1425,1578,1113,1278,1485,1653,1692,1758,1788,,
ZZ520,COUNTY COST GROUP 520,966,966,966,966,1065,1203,1257,1386,1461,1221,1383,1473,1617,1692,1320,1443,1599,1128,1296,1503,1671,1710,1776,1806,,
ZZ530,COUNTY COST GROUP 530,978,978,978,978,1077,1215,1269,1401,1476,1230,1398,1488,1632,1707,1338,1461,1614,1143,1311,1518,1689,1728,1794,1824,,
ZZ540,COUNTY COST GROUP 540,987,987,987,987,1089,1227,1281,1416,1491,1242,1413,1503,1647,1722,1350,1473,1629,1155,1326,1533,1701,1740,1809,1839,,
ZZ550,COUNTY COST GROUP 550,996,996,996,996,1098,1233,1287,1425,1503,1248,1422,1512,1659,1734,1362,1485,1638,1164,1335,1542,1713,1752,1821,1851,,
ZZ560,COUNTY COST GROUP 560,1002,1002,1002,1002,1107,1242,1296,1437,1512,1257,1434,1524,1671,1746,1371,1497,1650,1173,1347,1554,1725,1764,1833,1863,,
ZZ570,COUNTY COST GROUP 570,1011,1011,1011,1011,1116,1251,1305,1449,1524,1266,1446,1536,1680,1755,1383,1506,1662,1182,1356,1566,1737,1776,1845,1875,,
ZZ580,COUNTY COST GROUP 580,1017,1017,1017,1017,1122,1257,1311,1455,1533,1275,1452,1545,1689,1764,1392,1515,1671,1191,1365,1572,1746,1785,1851,1884,,
ZZ590,COUNTY COST GROUP 590,1020,1020,1020,1020,1128,1263,1317,1461,1539,1278,1458,1548,1695,1770,1395,1521,1677,1194,1371,1578,1752,1791,1857,1890,,
ZZ600,COUNTY COST GROUP 600,1023,1023,1023,1023,1131,1266,1320,1467,1542,1281,1464,1554,1701,1776,1401,1524,1680,1200,1374,1584,1755,1794,1863,1896,,
ZZ610,COUNTY COST GROUP 610,1029,1029,1029,1029,1137,1272,1326,1473,1548,1287,1470,1560,1707,1782,1407,1533,1689,1206,1380,1590,1764,1803,1872,1902,,
ZZ620,COUNTY COST GROUP 620,1032,1032,1032,1032,1143,1275,1329,1479,1554,1293,1476,1566,1713,1788,1413,1539,1695,1209,1386,1596,1770,1809,1878,1908,,
ZZ630,COUNTY COST GROUP 630,1038,1038,1038,1038,1146,1281,1335,1485,1560,1299,1482,1572,1719,1794,1419,1545,1701,1215,1392,1602,1776,1815,1884,1917,,
ZZ640,COUNTY COST GROUP 640,1041,1041,1041,1041,1152,1284,1338,1491,1569,1305,1488,1581,1725,1803,1425,1551,1707,1221,1398,1608,1782,1821,1890,1923,,
ZZ650,COUNTY COST GROUP 650,1047,1047,1047,1047,1158,1290,1347,1500,1575,1311,1497,1587,1734,1809,1434,1557,1713,1227,1407,1617,1791,1830,1899,1932,,
ZZ660,COUNTY COST GROUP 660,1053,1053,1053,1053,1167,1299,1353,1509,1584,1320,1506,1596,1743,1818,1443,1566,1725,1236,1416,1626,1800,1839,1908,1941,,
ZZ670,COUNTY COST GROUP 670,1062,1062,1062,1062,1176,1308,1365,1521,1599,1332,1518,1611,1758,1833,1455,1581,1737,1248,1428,1641,1815,1854,1923,1956,,
ZZ680,COUNTY COST GROUP 680,1074,1074,1074,1074,1188,1320,1374,1536,1614,1344,1533,1626,1773,1848,1470,1596,1752,1260,1443,1656,1830,1869,1938,1971,,
ZZ690,COUNTY COST GROUP 690,1089,1089,1089,1089,1206,1338,1392,1557,1635,1365,1554,1647,1794,1872,1491,1617,1776,1281,1464,1677,1851,1893,1962,1995,,
ZZ700,COUNTY COST GROUP 700,1107,1107,1107,1107,1227,1356,1413,1584,1662,1389,1581,1674,1821,1899,1518,1644,1803,1302,1488,1704,1878,1920,1989,2025,,
ZZ710,COUNTY COST GROUP 710,1122,1122,1122,1122,1248,1374,1437,1605,1683,1410,1602,1695,1845,1923,1539,1665,1824,1323,1512,1725,1902,1944,2013,2049,,
ZZ720,COUNTY COST GROUP 720,1143,1143,1143,1143,1269,1395,1461,1632,1710,1434,1629,1722,1872,1950,1566,1692,1854,1347,1536,1755,1932,1971,2043,2079,,
ZZ730,COUNTY COST GROUP 730,1167,1167,1167,1167,1299,1419,1494,1668,1746,1467,1665,1758,1908,1986,1602,1728,1887,1377,1572,1788,1968,2007,2079,2115,,
ZZ740,COUNTY COST GROUP 740,1197,1197,1197,1197,1332,1455,1533,1710,1791,1506,1707,1803,1953,2031,1644,1770,1932,1416,1614,1833,2013,2052,2127,2163,,
ZZ750,COUNTY COST GROUP 750,1233,1233,1233,1233,1374,1491,1578,1758,1839,1548,1755,1851,2001,2082,1692,1821,1983,1458,1659,1881,2061,2103,2178,2214,,
ZZ760,COUNTY COST GROUP 760,1263,1263,1263,1263,1410,1527,1620,1803,1884,1590,1800,1896,2049,2130,1734,1866,2028,1497,1704,1926,2109,2151,2226,2265,,
ZZ770,COUNTY COST GROUP 770,1293,1293,1293,1293,1443,1557,1659,1842,1923,1626,1839,1935,2088,2169,1776,1905,2070,1530,1740,1965,2151,2193,2268,2307,,
ZZ780,COUNTY COST GROUP 780,1317,1317,1317,1317,1473,1584,1692,1878,1959,1659,1875,1971,2127,2208,1809,1941,2106,1563,1776,2004,2187,2232,2307,2346,,
ZZ790,COUNTY COST GROUP 790,1341,1341,1341,1341,1497,1608,1722,1911,1992,1689,1908,2004,2160,2241,1842,1974,2139,1590,1806,2034,2220,2265,2340,2382,,
ZZ800,COUNTY COST GROUP 800,1365,1365,1365,1365,1527,1635,1752,1944,2025,1719,1941,2037,2193,2277,1875,2007,2172,1620,1839,2070,2256,2301,2376,2418,,
ZZ810,COUNTY COST GROUP 810,1389,1389,1389,1389,1554,1662,1785,1980,2061,1752,1977,2073,2229,2313,1911,2043,2208,1650,1875,2106,2292,2337,2415,2457,,
ZZ820,COUNTY COST GROUP 820,1428,1428,1428,1428,1599,1710,1836,2031,2115,1800,2028,2127,2286,2370,1962,2097,2265,1698,1926,2160,2349,2394,2472,2517,,
ZZ830,COUNTY COST GROUP 830,1482,1482,1482,1482,1662,1776,1908,2106,2190,1869,2103,2205,2364,2448,2037,2172,2340,1764,1998,2235,2427,2472,2553,2598,,
ZZ840,COUNTY COST GROUP 840,1539,1539,1539,1539,1728,1848,1983,2187,2271,1941,2184,2286,2445,2532,2118,2253,2424,1836,2076,2316,2511,2559,2640,2685,,
ZZ850,COUNTY COST GROUP 850,1611,1611,1611,1611,1812,1941,2079,2292,2376,2037,2289,2391,2553,2643,2220,2358,2532,1926,2178,2424,2622,2667,2751,2799,,
ZZ860,COUNTY COST GROUP 860,1731,1731,1731,1731,1950,2088,2238,2457,2547,2190,2454,2559,2727,2817,2385,2526,2703,2073,2340,2592,2796,2844,2931,2982,,
ZZ870,COUNTY COST GROUP 870,1800,1800,1800,1800,2031,2175,2331,2556,2646,2280,2553,2658,2829,2922,2484,2625,2805,2160,2436,2694,2898,2949,3036,3090,,
ZZ880,COUNTY COST GROUP 880,1902,1902,1902,1902,2151,2304,2466,2700,2790,2412,2697,2805,2976,3072,2625,2769,2952,2289,2577,2838,3048,3102,3189,3249,,
ZZ890,COUNTY COST GROUP 890,2157,2157,2157,2157,2445,2622,2799,3054,3150,2739,3051,3165,3345,3444,2979,3129,3318,2601,2922,3201,3423,3477,3573,3639,,
,,,,,,,,,,,,,,,,,,,,,,,,,,,
,,,,,,,,,,,,,,,,,,,,,,,,,,,
,,,,,,,,,,,,,,,,,,,,,,,,,,,
,,,,,,,,,,,,,,,,,,,,,,,,,,,
,,,,,,,,,,,,,,,,,,,,,,,,,,,
,,,,,,,,,,,,,,,,,,,,,,,,,,,
,,,,,,,,,,,,,,,,,,,,,,,,,,,
,,,,,,,,,,,,,,,,,,,,,,,,,,,
,,,,,,,,,,,,,,,,,,,,,,,,,,,
,,,,,,,,,,,,,,,,,,,,,,,,,,,
,,,,,,,,,,,,,,,,,,,,,,,,,,,
,,,,,,,,,,,,,,,,,,,,,,,,,,,
,,,,,,,,,,,,,,,,,,,,,,,,,,,
,,,,,,,,,,,,,,,,,,,,,,,,,,,
,,,,,,,,,,,,,,,,,,,,,,,,,,,
,,,,,,,,,,,,,,,,,,,,,,,,,,,
,,,,,,,,,,,,,,,,,,,,,,,,,,,
,,,,,,,,,,,,,,,,,,,,,,,,,,,
,,,,,,,,,,,,,,,,,,,,,,,,,,,
,,,,,,,,,,,,,,,,,,,,,,,,,,,
,,,,,,,,,,,,,,,,,,,,,,,,,,,
,,,,,,,,,,,,,,,,,,,,,,,,,,,
,,,,,,,,,,,,,,,,,,,,,,,,,,,
,,,,,,,,,,,,,,,,,,,,,,,,,,,
,,,,,,,,,,,,,,,,,,,,,,,,,,,
,,,,,,,,,,,,,,,,,,,,,,,,,,,
,,,,,,,,,,,,,,,,,,,,,,,,,,,
,,,,,,,,,,,,,,,,,,,,,,,,,,,
,,,,,,,,,,,,,,,,,,,,,,,,,,,
,,,,,,,,,,,,,,,,,,,,,,,,,,,
,,,,,,,,,,,,,,,,,,,,,,,,,,,
,,,,,,,,,,,,,,,,,,,,,,,,,,,
,,,,,,,,,,,,,,,,,,,,,,,,,,,
,,,,,,,,,,,,,,,,,,,,,,,,,,,
,,,,,,,,,,,,,,,,,,,,,,,,,,,
,,,,,,,,,,,,,,,,,,,,,,,,,,,
,,,,,,,,,,,,,,,,,,,,,,,,,,,
,,,,,,,,,,,,,,,,,,,,,,,,,,,
,,,,,,,,,,,,,,,,,,,,,,,,,,,
,,,,,,,,,,,,,,,,,,,,,,,,,,,
,,,,,,,,,,,,,,,,,,,,,,,,,,,
,,,,,,,,,,,,,,,,,,,,,,,,,,,
,,,,,,,,,,,,,,,,,,,,,,,,,,,
,,,,,,,,,,,,,,,,,,,,,,,,,,,
,,,,,,,,,,,,,,,,,,,,,,,,,,,
,,,,,,,,,,,,,,,,,,,,,,,,,,,
,,,,,,,,,,,,,,,,,,,,,,,,,,,
,,,,,,,,,,,,,,,,,,,,,,,,,,,
,,,,,,,,,,,,,,,,,,,,,,,,,,,
,,,,,,,,,,,,,,,,,,,,,,,,,,,
,,,,,,,,,,,,,,,,,,,,,,,,,,,
,,,,,,,,,,,,,,,,,,,,,,,,,,,
,,,,,,,,,,,,,,,,,,,,,,,,,,,
,,,,,,,,,,,,,,,,,,,,,,,,,,,
,,,,,,,,,,,,,,,,,,,,,,,,,,,
,,,,,,,,,,,,,,,,,,,,,,,,,,,
,,,,,,,,,,,,,,,,,,,,,,,,,,,
,,,,,,,,,,,,,,,,,,,,,,,,,,,
,,,,,,,,,,,,,,,,,,,,,,,,,,,
,,,,,,,,,,,,,,,,,,,,,,,,,,,
,,,,,,,,,,,,,,,,,,,,,,,,,,,
,,,,,,,,,,,,,,,,,,,,,,,,,,,
,,,,,,,,,,,,,,,,,,,,,,,,,,,
,,,,,,,,,,,,,,,,,,,,,,,,,,,
,,,,,,,,,,,,,,,,,,,,,,,,,,,
,,,,,,,,,,,,,,,,,,,,,,,,,,,
,,,,,,,,,,,,,,,,,,,,,,,,,,,
,,,,,,,,,,,,,,,,,,,,,,,,,,,
,,,,,,,,,,,,,,,,,,,,,,,,,,,
,,,,,,,,,,,,,,,,,,,,,,,,,,,
,,,,,,,,,,,,,,,,,,,,,,,,,,,
,,,,,,,,,,,,,,,,,,,,,,,,,,,
,,,,,,,,,,,,,,,,,,,,,,,,,,,
,,,,,,,,,,,,,,,,,,,,,,,,,,,
,,,,,,,,,,,,,,,,,,,,,,,,,,,
,,,,,,,,,,,,,,,,,,,,,,,,,,,
,,,,,,,,,,,,,,,,,,,,,,,,,,,
,,,,,,,,,,,,,,,,,,,,,,,,,,,
,,,,,,,,,,,,,,,,,,,,,,,,,,,
,,,,,,,,,,,,,,,,,,,,,,,,,,,
,,,,,,,,,,,,,,,,,,,,,,,,,,,
,,,,,,,,,,,,,,,,,,,,,,,,,,,
,,,,,,,,,,,,,,,,,,,,,,,,,,,
,,,,,,,,,,,,,,,,,,,,,,,,,,,
,,,,,,,,,,,,,,,,,,,,,,,,,,,
,,,,,,,,,,,,,,,,,,,,,,,,,,,
,,,,,,,,,,,,,,,,,,,,,,,,,,,
,,,,,,,,,,,,,,,,,,,,,,,,,,,
,,,,,,,,,,,,,,,,,,,,,,,,,,,
,,,,,,,,,,,,,,,,,,,,,,,,,,,
,,,,,,,,,,,,,,,,,,,,,,,,,,,
,,,,,,,,,,,,,,,,,,,,,,,,,,,
,,,,,,,,,,,,,,,,,,,,,,,,,,,
,,,,,,,,,,,,,,,,,,,,,,,,,,,
,,,,,,,,,,,,,,,,,,,,,,,,,,,
,,,,,,,,,,,,,,,,,,,,,,,,,,,
,,,,,,,,,,,,,,,,,,,,,,,,,,,
,,,,,,,,,,,,,,,,,,,,,,,,,,,
,,,,,,,,,,,,,,,,,,,,,,,,,,,
,,,,,,,,,,,,,,,,,,,,,,,,,,,
,,,,,,,,,,,,,,,,,,,,,,,,,,,
,,,,,,,,,,,,,,,,,,,,,,,,,,,
,,,,,,,,,,,,,,,,,,,,,,,,,,,
,,,,,,,,,,,,,,,,,,,,,,,,,,,
,,,,,,,,,,,,,,,,,,,,,,,,,,,
,,,,,,,,,,,,,,,,,,,,,,,,,,,
,,,,,,,,,,,,,,,,,,,,,,,,,,,
,,,,,,,,,,,,,,,,,,,,,,,,,,,
,,,,,,,,,,,,,,,,,,,,,,,,,,,
,,,,,,,,,,,,,,,,,,,,,,,,,,,
,,,,,,,,,,,,,,,,,,,,,,,,,,,
,,,,,,,,,,,,,,,,,,,,,,,,,,,
,,,,,,,,,,,,,,,,,,,,,,,,,,,
,,,,,,,,,,,,,,,,,,,,,,,,,,,
,,,,,,,,,,,,,,,,,,,,,,,,,,,
,,,,,,,,,,,,,,,,,,,,,,,,,,,
,,,,,,,,,,,,,,,,,,,,,,,,,,,
,,,,,,,,,,,,,,,,,,,,,,,,,,,
,,,,,,,,,,,,,,,,,,,,,,,,,,,
,,,,,,,,,,,,,,,,,,,,,,,,,,,
,,,,,,,,,,,,,,,,,,,,,,,,,,,
,,,,,,,,,,,,,,,,,,,,,,,,,,,
,,,,,,,,,,,,,,,,,,,,,,,,,,,
,,,,,,,,,,,,,,,,,,,,,,,,,,,
,,,,,,,,,,,,,,,,,,,,,,,,,,,
,,,,,,,,,,,,,,,,,,,,,,,,,,,
,,,,,,,,,,,,,,,,,,,,,,,,,,,
,,,,,,,,,,,,,,,,,,,,,,,,,,,
,,,,,,,,,,,,,,,,,,,,,,,,,,,
,,,,,,,,,,,,,,,,,,,,,,,,,,,
,,,,,,,,,,,,,,,,,,,,,,,,,,,
,,,,,,,,,,,,,,,,,,,,,,,,,,,
,,,,,,,,,,,,,,,,,,,,,,,,,,,
,,,,,,,,,,,,,,,,,,,,,,,,,,,
,,,,,,,,,,,,,,,,,,,,,,,,,,,
,,,,,,,,,,,,,,,,,,,,,,,,,,,
,,,,,,,,,,,,,,,,,,,,,,,,,,,
,,,,,,,,,,,,,,,,,,,,,,,,,,,
,,,,,,,,,,,,,,,,,,,,,,,,,,,
,,,,,,,,,,,,,,,,,,,,,,,,,,,
,,,,,,,,,,,,,,,,,,,,,,,,,,,
,,,,,,,,,,,,,,,,,,,,,,,,,,,
,,,,,,,,,,,,,,,,,,,,,,,,,,,
,,,,,,,,,,,,,,,,,,,,,,,,,,,
,,,,,,,,,,,,,,,,,,,,,,,,,,,
,,,,,,,,,,,,,,,,,,,,,,,,,,,
,,,,,,,,,,,,,,,,,,,,,,,,,,,
,,,,,,,,,,,,,,,,,,,,,,,,,,,
,,,,,,,,,,,,,,,,,,,,,,,,,,,
,,,,,,,,,,,,,,,,,,,,,,,,,,,
,,,,,,,,,,,,,,,,,,,,,,,,,,,
,,,,,,,,,,,,,,,,,,,,,,,,,,,
,,,,,,,,,,,,,,,,,,,,,,,,,,,
,,,,,,,,,,,,,,,,,,,,,,,,,,,
,,,,,,,,,,,,,,,,,,,,,,,,,,,
,,,,,,,,,,,,,,,,,,,,,,,,,,,
,,,,,,,,,,,,,,,,,,,,,,,,,,,
,,,,,,,,,,,,,,,,,,,,,,,,,,,
,,,,,,,,,,,,,,,,,,,,,,,,,,,
,,,,,,,,,,,,,,,,,,,,,,,,,,,
,,,,,,,,,,,,,,,,,,,,,,,,,,,
,,,,,,,,,,,,,,,,,,,,,,,,,,,
,,,,,,,,,,,,,,,,,,,,,,,,,,,
,,,,,,,,,,,,,,,,,,,,,,,,,,,
,,,,,,,,,,,,,,,,,,,,,,,,,,,
,,,,,,,,,,,,,,,,,,,,,,,,,,,
,,,,,,,,,,,,,,,,,,,,,,,,,,,
,,,,,,,,,,,,,,,,,,,,,,,,,,,
,,,,,,,,,,,,,,,,,,,,,,,,,,,
,,,,,,,,,,,,,,,,,,,,,,,,,,,
,,,,,,,,,,,,,,,,,,,,,,,,,,,
,,,,,,,,,,,,,,,,,,,,,,,,,,,
,,,,,,,,,,,,,,,,,,,,,,,,,,,
,,,,,,,,,,,,,,,,,,,,,,,,,,,
,,,,,,,,,,,,,,,,,,,,,,,,,,,
,,,,,,,,,,,,,,,,,,,,,,,,,,,
,,,,,,,,,,,,,,,,,,,,,,,,,,,
,,,,,,,,,,,,,,,,,,,,,,,,,,,
,,,,,,,,,,,,,,,,,,,,,,,,,,,
,,,,,,,,,,,,,,,,,,,,,,,,,,,
,,,,,,,,,,,,,,,,,,,,,,,,,,,
,,,,,,,,,,,,,,,,,,,,,,,,,,,
,,,,,,,,,,,,,,,,,,,,,,,,,,,
,,,,,,,,,,,,,,,,,,,,,,,,,,,
,,,,,,,,,,,,,,,,,,,,,,,,,,,
,,,,,,,,,,,,,,,,,,,,,,,,,,,
,,,,,,,,,,,,,,,,,,,,,,,,,,,
,,,,,,,,,,,,,,,,,,,,,,,,,,,
,,,,,,,,,,,,,,,,,,,,,,,,,,,
,,,,,,,,,,,,,,,,,,,,,,,,,,,
,,,,,,,,,,,,,,,,,,,,,,,,,,,
,,,,,,,,,,,,,,,,,,,,,,,,,,,
,,,,,,,,,,,,,,,,,,,,,,,,,,,
,,,,,,,,,,,,,,,,,,,,,,,,,,,
,,,,,,,,,,,,,,,,,,,,,,,,,,,
,,,,,,,,,,,,,,,,,,,,,,,,,,,
,,,,,,,,,,,,,,,,,,,,,,,,,,,
,,,,,,,,,,,,,,,,,,,,,,,,,,,
,,,,,,,,,,,,,,,,,,,,,,,,,,,
,,,,,,,,,,,,,,,,,,,,,,,,,,,
,,,,,,,,,,,,,,,,,,,,,,,,,,,
,,,,,,,,,,,,,,,,,,,,,,,,,,,
,,,,,,,,,,,,,,,,,,,,,,,,,,,
,,,,,,,,,,,,,,,,,,,,,,,,,,,
,,,,,,,,,,,,,,,,,,,,,,,,,,,
,,,,,,,,,,,,,,,,,,,,,,,,,,,
,,,,,,,,,,,,,,,,,,,,,,,,,,,
,,,,,,,,,,,,,,,,,,,,,,,,,,,
,,,,,,,,,,,,,,,,,,,,,,,,,,,
,,,,,,,,,,,,,,,,,,,,,,,,,,,
,,,,,,,,,,,,,,,,,,,,,,,,,,,
,,,,,,,,,,,,,,,,,,,,,,,,,,,
,,,,,,,,,,,,,,,,,,,,,,,,,,,
,,,,,,,,,,,,,,,,,,,,,,,,,,,
,,,,,,,,,,,,,,,,,,,,,,,,,,,
,,,,,,,,,,,,,,,,,,,,,,,,,,,
,,,,,,,,,,,,,,,,,,,,,,,,,,,
,,,,,,,,,,,,,,,,,,,,,,,,,,,
,,,,,,,,,,,,,,,,,,,,,,,,,,,
,,,,,,,,,,,,,,,,,,,,,,,,,,,
,,,,,,,,,,,,,,,,,,,,,,,,,,,
,,,,,,,,,,,,,,,,,,,,,,,,,,,
,,,,,,,,,,,,,,,,,,,,,,,,,,,
,,,,,,,,,,,,,,,,,,,,,,,,,,,
,,,,,,,,,,,,,,,,,,,,,,,,,,,
,,,,,,,,,,,,,,,,,,,,,,,,,,,
,,,,,,,,,,,,,,,,,,,,,,,,,,,
,,,,,,,,,,,,,,,,,,,,,,,,,,,
,,,,,,,,,,,,,,,,,,,,,,,,,,,
,,,,,,,,,,,,,,,,,,,,,,,,,,,
,,,,,,,,,,,,,,,,,,,,,,,,,,,
,,,,,,,,,,,,,,,,,,,,,,,,,,,
,,,,,,,,,,,,,,,,,,,,,,,,,,,
,,,,,,,,,,,,,,,,,,,,,,,,,,,
,,,,,,,,,,,,,,,,,,,,,,,,,,,
,,,,,,,,,,,,,,,,,,,,,,,,,,,
,,,,,,,,,,,,,,,,,,,,,,,,,,,
,,,,,,,,,,,,,,,,,,,,,,,,,,,
,,,,,,,,,,,,,,,,,,,,,,,,,,,
,,,,,,,,,,,,,,,,,,,,,,,,,,,
,,,,,,,,,,,,,,,,,,,,,,,,,,,
,,,,,,,,,,,,,,,,,,,,,,,,,,,
,,,,,,,,,,,,,,,,,,,,,,,,,,,
,,,,,,,,,,,,,,,,,,,,,,,,,,,
,,,,,,,,,,,,,,,,,,,,,,,,,,,
,,,,,,,,,,,,,,,,,,,,,,,,,,,
,,,,,,,,,,,,,,,,,,,,,,,,,,,
,,,,,,,,,,,,,,,,,,,,,,,,,,,
,,,,,,,,,,,,,,,,,,,,,,,,,,,
,,,,,,,,,,,,,,,,,,,,,,,,,,,
,,,,,,,,,,,,,,,,,,,,,,,,,,,
,,,,,,,,,,,,,,,,,,,,,,,,,,,
,,,,,,,,,,,,,,,,,,,,,,,,,,,
,,,,,,,,,,,,,,,,,,,,,,,,,,,
,,,,,,,,,,,,,,,,,,,,,,,,,,,
,,,,,,,,,,,,,,,,,,,,,,,,,,,
,,,,,,,,,,,,,,,,,,,,,,,,,,,
,,,,,,,,,,,,,,,,,,,,,,,,,,,
,,,,,,,,,,,,,,,,,,,,,,,,,,,
,,,,,,,,,,,,,,,,,,,,,,,,,,,
,,,,,,,,,,,,,,,,,,,,,,,,,,,
,,,,,,,,,,,,,,,,,,,,,,,,,,,
,,,,,,,,,,,,,,,,,,,,,,,,,,,
,,,,,,,,,,,,,,,,,,,,,,,,,,,
,,,,,,,,,,,,,,,,,,,,,,,,,,,
,,,,,,,,,,,,,,,,,,,,,,,,,,,
,,,,,,,,,,,,,,,,,,,,,,,,,,,
,,,,,,,,,,,,,,,,,,,,,,,,,,,
,,,,,,,,,,,,,,,,,,,,,,,,,,,
,,,,,,,,,,,,,,,,,,,,,,,,,,,
,,,,,,,,,,,,,,,,,,,,,,,,,,,
,,,,,,,,,,,,,,,,,,,,,,,,,,,
,,,,,,,,,,,,,,,,,,,,,,,,,,,
,,,,,,,,,,,,,,,,,,,,,,,,,,,
,,,,,,,,,,,,,,,,,,,,,,,,,,,
,,,,,,,,,,,,,,,,,,,,,,,,,,,
,,,,,,,,,,,,,,,,,,,,,,,,,,,
,,,,,,,,,,,,,,,,,,,,,,,,,,,
,,,,,,,,,,,,,,,,,,,,,,,,,,,
,,,,,,,,,,,,,,,,,,,,,,,,,,,
,,,,,,,,,,,,,,,,,,,,,,,,,,,
,,,,,,,,,,,,,,,,,,,,,,,,,,,
,,,,,,,,,,,,,,,,,,,,,,,,,,,
,,,,,,,,,,,,,,,,,,,,,,,,,,,
,,,,,,,,,,,,,,,,,,,,,,,,,,,
,,,,,,,,,,,,,,,,,,,,,,,,,,,
,,,,,,,,,,,,,,,,,,,,,,,,,,,
,,,,,,,,,,,,,,,,,,,,,,,,,,,
,,,,,,,,,,,,,,,,,,,,,,,,,,,
,,,,,,,,,,,,,,,,,,,,,,,,,,,
,,,,,,,,,,,,,,,,,,,,,,,,,,,
,,,,,,,,,,,,,,,,,,,,,,,,,,,
,,,,,,,,,,,,,,,,,,,,,,,,,,,
,,,,,,,,,,,,,,,,,,,,,,,,,,,
,,,,,,,,,,,,,,,,,,,,,,,,,,,
,,,,,,,,,,,,,,,,,,,,,,,,,,,
,,,,,,,,,,,,,,,,,,,,,,,,,,,
,,,,,,,,,,,,,,,,,,,,,,,,,,,
,,,,,,,,,,,,,,,,,,,,,,,,,,,
,,,,,,,,,,,,,,,,,,,,,,,,,,,
,,,,,,,,,,,,,,,,,,,,,,,,,,,
,,,,,,,,,,,,,,,,,,,,,,,,,,,
,,,,,,,,,,,,,,,,,,,,,,,,,,,
,,,,,,,,,,,,,,,,,,,,,,,,,,,
,,,,,,,,,,,,,,,,,,,,,,,,,,,
,,,,,,,,,,,,,,,,,,,,,,,,,,,
,,,,,,,,,,,,,,,,,,,,,,,,,,,
,,,,,,,,,,,,,,,,,,,,,,,,,,,
,,,,,,,,,,,,,,,,,,,,,,,,,,,
,,,,,,,,,,,,,,,,,,,,,,,,,,,
,,,,,,,,,,,,,,,,,,,,,,,,,,,
,,,,,,,,,,,,,,,,,,,,,,,,,,,
,,,,,,,,,,,,,,,,,,,,,,,,,,,
,,,,,,,,,,,,,,,,,,,,,,,,,,,
,,,,,,,,,,,,,,,,,,,,,,,,,,,
,,,,,,,,,,,,,,,,,,,,,,,,,,,
,,,,,,,,,,,,,,,,,,,,,,,,,,,
,,,,,,,,,,,,,,,,,,,,,,,,,,,
,,,,,,,,,,,,,,,,,,,,,,,,,,,
,,,,,,,,,,,,,,,,,,,,,,,,,,,
,,,,,,,,,,,,,,,,,,,,,,,,,,,
,,,,,,,,,,,,,,,,,,,,,,,,,,,
,,,,,,,,,,,,,,,,,,,,,,,,,,,
,,,,,,,,,,,,,,,,,,,,,,,,,,,
,,,,,,,,,,,,,,,,,,,,,,,,,,,
,,,,,,,,,,,,,,,,,,,,,,,,,,,
,,,,,,,,,,,,,,,,,,,,,,,,,,,
,,,,,,,,,,,,,,,,,,,,,,,,,,,
,,,,,,,,,,,,,,,,,,,,,,,,,,,
,,,,,,,,,,,,,,,,,,,,,,,,,,,
,,,,,,,,,,,,,,,,,,,,,,,,,,,
,,,,,,,,,,,,,,,,,,,,,,,,,,,
,,,,,,,,,,,,,,,,,,,,,,,,,,,
,,,,,,,,,,,,,,,,,,,,,,,,,,,
,,,,,,,,,,,,,,,,,,,,,,,,,,,
,,,,,,,,,,,,,,,,,,,,,,,,,,,
,,,,,,,,,,,,,,,,,,,,,,,,,,,
,,,,,,,,,,,,,,,,,,,,,,,,,,,
,,,,,,,,,,,,,,,,,,,,,,,,,,,
,,,,,,,,,,,,,,,,,,,,,,,,,,,
,,,,,,,,,,,,,,,,,,,,,,,,,,,
,,,,,,,,,,,,,,,,,,,,,,,,,,,
,,,,,,,,,,,,,,,,,,,,,,,,,,,
,,,,,,,,,,,,,,,,,,,,,,,,,,,
,,,,,,,,,,,,,,,,,,,,,,,,,,,
,,,,,,,,,,,,,,,,,,,,,,,,,,,
,,,,,,,,,,,,,,,,,,,,,,,,,,,
,,,,,,,,,,,,,,,,,,,,,,,,,,,
,,,,,,,,,,,,,,,,,,,,,,,,,,,
,,,,,,,,,,,,,,,,,,,,,,,,,,,
,,,,,,,,,,,,,,,,,,,,,,,,,,,
,,,,,,,,,,,,,,,,,,,,,,,,,,,
,,,,,,,,,,,,,,,,,,,,,,,,,,,
,,,,,,,,,,,,,,,,,,,,,,,,,,,
,,,,,,,,,,,,,,,,,,,,,,,,,,,
,,,,,,,,,,,,,,,,,,,,,,,,,,,
,,,,,,,,,,,,,,,,,,,,,,,,,,,
,,,,,,,,,,,,,,,,,,,,,,,,,,,
,,,,,,,,,,,,,,,,,,,,,,,,,,,
,,,,,,,,,,,,,,,,,,,,,,,,,,,
,,,,,,,,,,,,,,,,,,,,,,,,,,,
,,,,,,,,,,,,,,,,,,,,,,,,,,,
,,,,,,,,,,,,,,,,,,,,,,,,,,,
,,,,,,,,,,,,,,,,,,,,,,,,,,,
,,,,,,,,,,,,,,,,,,,,,,,,,,,
,,,,,,,,,,,,,,,,,,,,,,,,,,,
,,,,,,,,,,,,,,,,,,,,,,,,,,,
,,,,,,,,,,,,,,,,,,,,,,,,,,,
,,,,,,,,,,,,,,,,,,,,,,,,,,,
,,,,,,,,,,,,,,,,,,,,,,,,,,,
,,,,,,,,,,,,,,,,,,,,,,,,,,,
,,,,,,,,,,,,,,,,,,,,,,,,,,,
,,,,,,,,,,,,,,,,,,,,,,,,,,,
,,,,,,,,,,,,,,,,,,,,,,,,,,,
,,,,,,,,,,,,,,,,,,,,,,,,,,,
,,,,,,,,,,,,,,,,,,,,,,,,,,,
,,,,,,,,,,,,,,,,,,,,,,,,,,,
,,,,,,,,,,,,,,,,,,,,,,,,,,,
,,,,,,,,,,,,,,,,,,,,,,,,,,,
,,,,,,,,,,,,,,,,,,,,,,,,,,,
,,,,,,,,,,,,,,,,,,,,,,,,,,,
,,,,,,,,,,,,,,,,,,,,,,,,,,,
,,,,,,,,,,,,,,,,,,,,,,,,,,,
,,,,,,,,,,,,,,,,,,,,,,,,,,,
,,,,,,,,,,,,,,,,,,,,,,,,,,,
,,,,,,,,,,,,,,,,,,,,,,,,,,,
,,,,,,,,,,,,,,,,,,,,,,,,,,,
,,,,,,,,,,,,,,,,,,,,,,,,,,,
,,,,,,,,,,,,,,,,,,,,,,,,,,,
,,,,,,,,,,,,,,,,,,,,,,,,,,,
,,,,,,,,,,,,,,,,,,,,,,,,,,,
,,,,,,,,,,,,,,,,,,,,,,,,,,,
,,,,,,,,,,,,,,,,,,,,,,,,,,,
,,,,,,,,,,,,,,,,,,,,,,,,,,,
,,,,,,,,,,,,,,,,,,,,,,,,,,,
,,,,,,,,,,,,,,,,,,,,,,,,,,,
,,,,,,,,,,,,,,,,,,,,,,,,,,,
,,,,,,,,,,,,,,,,,,,,,,,,,,,
,,,,,,,,,,,,,,,,,,,,,,,,,,,
,,,,,,,,,,,,,,,,,,,,,,,,,,,
,,,,,,,,,,,,,,,,,,,,,,,,,,,
,,,,,,,,,,,,,,,,,,,,,,,,,,,
,,,,,,,,,,,,,,,,,,,,,,,,,,,
,,,,,,,,,,,,,,,,,,,,,,,,,,,
,,,,,,,,,,,,,,,,,,,,,,,,,,,
,,,,,,,,,,,,,,,,,,,,,,,,,,,
,,,,,,,,,,,,,,,,,,,,,,,,,,,
,,,,,,,,,,,,,,,,,,,,,,,,,,,
,,,,,,,,,,,,,,,,,,,,,,,,,,,
,,,,,,,,,,,,,,,,,,,,,,,,,,,
,,,,,,,,,,,,,,,,,,,,,,,,,,,
,,,,,,,,,,,,,,,,,,,,,,,,,,,
,,,,,,,,,,,,,,,,,,,,,,,,,,,
,,,,,,,,,,,,,,,,,,,,,,,,,,,
,,,,,,,,,,,,,,,,,,,,,,,,,,,
,,,,,,,,,,,,,,,,,,,,,,,,,,,
,,,,,,,,,,,,,,,,,,,,,,,,,,,
,,,,,,,,,,,,,,,,,,,,,,,,,,,
,,,,,,,,,,,,,,,,,,,,,,,,,,,
,,,,,,,,,,,,,,,,,,,,,,,,,,,
,,,,,,,,,,,,,,,,,,,,,,,,,,,
,,,,,,,,,,,,,,,,,,,,,,,,,,,
,,,,,,,,,,,,,,,,,,,,,,,,,,,
,,,,,,,,,,,,,,,,,,,,,,,,,,,
,,,,,,,,,,,,,,,,,,,,,,,,,,,
,,,,,,,,,,,,,,,,,,,,,,,,,,,
,,,,,,,,,,,,,,,,,,,,,,,,,,,
,,,,,,,,,,,,,,,,,,,,,,,,,,,
,,,,,,,,,,,,,,,,,,,,,,,,,,,
,,,,,,,,,,,,,,,,,,,,,,,,,,,
,,,,,,,,,,,,,,,,,,,,,,,,,,,
,,,,,,,,,,,,,,,,,,,,,,,,,,,
,,,,,,,,,,,,,,,,,,,,,,,,,,,
,,,,,,,,,,,,,,,,,,,,,,,,,,,
,,,,,,,,,,,,,,,,,,,,,,,,,,,
,,,,,,,,,,,,,,,,,,,,,,,,,,,
,,,,,,,,,,,,,,,,,,,,,,,,,,,
,,,,,,,,,,,,,,,,,,,,,,,,,,,
,,,,,,,,,,,,,,,,,,,,,,,,,,,
,,,,,,,,,,,,,,,,,,,,,,,,,,,
,,,,,,,,,,,,,,,,,,,,,,,,,,,
,,,,,,,,,,,,,,,,,,,,,,,,,,,
,,,,,,,,,,,,,,,,,,,,,,,,,,,
,,,,,,,,,,,,,,,,,,,,,,,,,,,
,,,,,,,,,,,,,,,,,,,,,,,,,,,
,,,,,,,,,,,,,,,,,,,,,,,,,,,
,,,,,,,,,,,,,,,,,,,,,,,,,,,
,,,,,,,,,,,,,,,,,,,,,,,,,,,
,,,,,,,,,,,,,,,,,,,,,,,,,,,
,,,,,,,,,,,,,,,,,,,,,,,,,,,
,,,,,,,,,,,,,,,,,,,,,,,,,,,
,,,,,,,,,,,,,,,,,,,,,,,,,,,
,,,,,,,,,,,,,,,,,,,,,,,,,,,
,,,,,,,,,,,,,,,,,,,,,,,,,,,
,,,,,,,,,,,,,,,,,,,,,,,,,,,
,,,,,,,,,,,,,,,,,,,,,,,,,,,
,,,,,,,,,,,,,,,,,,,,,,,,,,,
,,,,,,,,,,,,,,,,,,,,,,,,,,,
,,,,,,,,,,,,,,,,,,,,,,,,,,,
,,,,,,,,,,,,,,,,,,,,,,,,,,,
,,,,,,,,,,,,,,,,,,,,,,,,,,,
,,,,,,,,,,,,,,,,,,,,,,,,,,,
,,,,,,,,,,,,,,,,,,,,,,,,,,,
